rut_empresa,razon_social,n_titulares,n_hombres,n_mujeres,n_revisar,clasificacion_completa,pct_hombres,pct_mujeres,pct_max_mismo_sexo_calculado,umbral_aplicable,supera_umbral_composicion,pct_cmf_actual,diferencia_pp_vs_cmf,coincide_cmf_tolerancia_0_6pp,fecha_junta_actual,eleccion_post_entrada_ley,supera_umbral_y_eleccion_post_ley,pct_cmf_actual_num,pct_reconstruido_registro_nominal,sobre_umbral_sugerido_cmf,dentro_o_igual_umbral_sugerido_cmf,sobre_umbral_y_eleccion_post_ley_cmf,estado_regulatorio_cmf,delta_registro_vs_reporte_pp,delta_abs_registro_vs_reporte_pp,registro_nominal_consistente_0_6pp,denominadores_compatibles_cmf_3a25,n_titulares_compatible_con_pct_cmf,fecha_max_nombramiento_nominal,dias_max_nombramiento_vs_junta_cmf,diagnostico_consistencia,prioridad_revision,fuente_canonica_porcentaje,fuente_secundaria_nominal,pct_cmf_anterior,fecha_junta_anterior,supera_umbral_cmf_reportado,cumple_o_iguala_umbral_cmf_reportado,fuente_composicion_nominal
96874030,ABC S.A.,7,7,0,0,True,100.0,0.0,100.0,80.0,True,100.0,0.0,True,25/04/2024,False,False,100.0,100.0,True,False,False,PRE_LEY_NO_EVALUABLE,0.0,0.0,True,3;4;5;6;7;8;9;10;11;12;13;14;15;16;17;18;19;20;21;22;23;24;25,True,25/04/2024,0,CONSISTENTE,,CMF_REPORTE_LEY_21757_NCG555,CMF_REGISTRO_DIRECTORES,,,True,False,CMF_REGISTRO_DIRECTORES
76215637,AGUAS ARAUCANIA S.A.,6,6,0,0,True,100.0,0.0,100.0,80.0,True,100.0,0.0,True,29/04/2026,True,True,100.0,100.0,True,False,True,POST_LEY_SOBRE_UMBRAL_SUGERIDO,0.0,0.0,True,3;4;5;6;7;8;9;10;11;12;13;14;15;16;17;18;19;20;21;22;23;24;25,True,29/04/2026,0,CONSISTENTE,,CMF_REPORTE_LEY_21757_NCG555,CMF_REGISTRO_DIRECTORES,100.0,23/04/2025,True,False,CMF_REGISTRO_DIRECTORES
96703230,AGUAS DECIMA S.A.,6,6,0,0,True,100.0,0.0,100.0,80.0,True,100.0,0.0,True,30/04/2026,True,True,100.0,100.0,True,False,True,POST_LEY_SOBRE_UMBRAL_SUGERIDO,0.0,0.0,True,3;4;5;6;7;8;9;10;11;12;13;14;15;16;17;18;19;20;21;22;23;24;25,True,29/04/2026,-1,CONSISTENTE,,CMF_REPORTE_LEY_21757_NCG555,CMF_REGISTRO_DIRECTORES,100.0,20/03/2026,True,False,CMF_REGISTRO_DIRECTORES
76215634,AGUAS DEL ALTIPLANO S.A.,6,6,0,0,True,100.0,0.0,100.0,80.0,True,100.0,0.0,True,29/04/2026,True,True,100.0,100.0,True,False,True,POST_LEY_SOBRE_UMBRAL_SUGERIDO,0.0,0.0,True,3;4;5;6;7;8;9;10;11;12;13;14;15;16;17;18;19;20;21;22;23;24;25,True,29/04/2026,0,CONSISTENTE,,CMF_REPORTE_LEY_21757_NCG555,CMF_REGISTRO_DIRECTORES,100.0,23/04/2025,True,False,CMF_REGISTRO_DIRECTORES
76215628,AGUAS MAGALLANES S.A.,6,6,0,0,True,100.0,0.0,100.0,80.0,True,100.0,0.0,True,29/04/2026,True,True,100.0,100.0,True,False,True,POST_LEY_SOBRE_UMBRAL_SUGERIDO,0.0,0.0,True,3;4;5;6;7;8;9;10;11;12;13;14;15;16;17;18;19;20;21;22;23;24;25,True,29/04/2026,0,CONSISTENTE,,CMF_REPORTE_LEY_21757_NCG555,CMF_REGISTRO_DIRECTORES,100.0,23/04/2025,True,False,CMF_REGISTRO_DIRECTORES
94270000,ALMENDRAL S.A.,7,7,0,0,True,100.0,0.0,100.0,80.0,True,100.0,0.0,True,26/04/2024,False,False,100.0,100.0,True,False,False,PRE_LEY_NO_EVALUABLE,0.0,0.0,True,3;4;5;6;7;8;9;10;11;12;13;14;15;16;17;18;19;20;21;22;23;24;25,True,11/05/2026,745,CONSISTENTE,,CMF_REPORTE_LEY_21757_NCG555,CMF_REGISTRO_DIRECTORES,,,True,False,CMF_REGISTRO_DIRECTORES
76503273,AMERIS CAPITAL ADMINISTRADORA GENERAL DE FONDOS S.A.,5,5,0,0,True,100.0,0.0,100.0,80.0,True,100.0,0.0,True,30/04/2026,True,True,100.0,100.0,True,False,True,POST_LEY_SOBRE_UMBRAL_SUGERIDO,0.0,0.0,True,3;4;5;6;7;8;9;10;11;12;13;14;15;16;17;18;19;20;21;22;23;24;25,True,30/04/2026,0,CONSISTENTE,,CMF_REPORTE_LEY_21757_NCG555,CMF_REGISTRO_DIRECTORES,100.0,30/04/2025,True,False,CMF_REGISTRO_DIRECTORES
91400000,ANDACOR S.A.,5,5,0,0,True,100.0,0.0,100.0,80.0,True,100.0,0.0,True,15/12/2025,False,False,100.0,100.0,True,False,False,PRE_LEY_NO_EVALUABLE,0.0,0.0,True,3;4;5;6;7;8;9;10;11;12;13;14;15;16;17;18;19;20;21;22;23;24;25,True,15/12/2025,0,CONSISTENTE,,CMF_REPORTE_LEY_21757_NCG555,CMF_REGISTRO_DIRECTORES,,,True,False,CMF_REGISTRO_DIRECTORES
76172904,ASSET ADMINISTRADORA GENERAL DE FONDOS S.A.,5,5,0,0,True,100.0,0.0,100.0,80.0,True,100.0,0.0,True,30/04/2025,False,False,100.0,100.0,True,False,False,PRE_LEY_NO_EVALUABLE,0.0,0.0,True,3;4;5;6;7;8;9;10;11;12;13;14;15;16;17;18;19;20;21;22;23;24;25,True,30/04/2025,0,CONSISTENTE,,CMF_REPORTE_LEY_21757_NCG555,CMF_REGISTRO_DIRECTORES,,,True,False,CMF_REGISTRO_DIRECTORES
96509660,BANCO FALABELLA,5,5,0,0,True,100.0,0.0,100.0,80.0,True,100.0,0.0,True,18/04/2024,False,False,100.0,100.0,True,False,False,PRE_LEY_NO_EVALUABLE,0.0,0.0,True,3;4;5;6;7;8;9;10;11;12;13;14;15;16;17;18;19;20;21;22;23;24;25,True,14/09/2010,-4965,CONSISTENTE,,CMF_REPORTE_LEY_21757_NCG555,CMF_REGISTRO_DIRECTORES,,,True,False,CMF_REGISTRO_DIRECTORES
96948880,BCI SECURITIZADORA S.A.,5,5,0,0,True,100.0,0.0,100.0,80.0,True,100.0,0.0,True,26/03/2024,False,False,100.0,100.0,True,False,False,PRE_LEY_NO_EVALUABLE,0.0,0.0,True,3;4;5;6;7;8;9;10;11;12;13;14;15;16;17;18;19;20;21;22;23;24;25,True,26/03/2024,0,CONSISTENTE,,CMF_REPORTE_LEY_21757_NCG555,CMF_REGISTRO_DIRECTORES,,,True,False,CMF_REGISTRO_DIRECTORES
99147000,BCI SEGUROS GENERALES S.A.,7,7,0,0,True,100.0,0.0,100.0,80.0,True,100.0,0.0,True,16/04/2026,True,True,100.0,100.0,True,False,True,POST_LEY_SOBRE_UMBRAL_SUGERIDO,0.0,0.0,True,3;4;5;6;7;8;9;10;11;12;13;14;15;16;17;18;19;20;21;22;23;24;25,True,17/12/2025,-120,CONSISTENTE,,CMF_REPORTE_LEY_21757_NCG555,CMF_REGISTRO_DIRECTORES,100.0,10/04/2025,True,False,CMF_REGISTRO_DIRECTORES
96573600,BCI SEGUROS VIDA S.A.,7,7,0,0,True,100.0,0.0,100.0,80.0,True,100.0,0.0,True,16/04/2026,True,True,100.0,100.0,True,False,True,POST_LEY_SOBRE_UMBRAL_SUGERIDO,0.0,0.0,True,3;4;5;6;7;8;9;10;11;12;13;14;15;16;17;18;19;20;21;22;23;24;25,True,16/04/2026,0,CONSISTENTE,,CMF_REPORTE_LEY_21757_NCG555,CMF_REGISTRO_DIRECTORES,100.0,10/04/2025,True,False,CMF_REGISTRO_DIRECTORES
80860400,BLUMAR S.A.,7,7,0,0,True,100.0,0.0,100.0,80.0,True,100.0,0.0,True,19/04/2024,False,False,100.0,100.0,True,False,False,PRE_LEY_NO_EVALUABLE,0.0,0.0,True,3;4;5;6;7;8;9;10;11;12;13;14;15;16;17;18;19;20;21;22;23;24;25,True,19/04/2024,0,CONSISTENTE,,CMF_REPORTE_LEY_21757_NCG555,CMF_REGISTRO_DIRECTORES,,,True,False,CMF_REGISTRO_DIRECTORES
90249000,"BOLSA DE COMERCIO DE SANTIAGO, BOLSA DE VALORES",5,5,0,0,True,100.0,0.0,100.0,80.0,True,100.0,0.0,True,23/03/2026,True,True,100.0,100.0,True,False,True,POST_LEY_SOBRE_UMBRAL_SUGERIDO,0.0,0.0,True,3;4;5;6;7;8;9;10;11;12;13;14;15;16;17;18;19;20;21;22;23;24;25,True,23/03/2026,0,CONSISTENTE,,CMF_REPORTE_LEY_21757_NCG555,CMF_REGISTRO_DIRECTORES,100.0,24/03/2025,True,False,CMF_REGISTRO_DIRECTORES
99575550,"BOLSA DE PRODUC. DE CHILE, BOLSA DE PROD. AGROPECUARIOS S.A.",9,8,1,0,True,88.8889,11.1111,88.8889,80.0,True,100.0,11.1111,False,22/04/2025,False,False,100.0,88.8889,True,False,False,PRE_LEY_NO_EVALUABLE,-11.111099999999993,11.111099999999993,False,3;4;5;6;7;8;9;10;11;12;13;14;15;16;17;18;19;20;21;22;23;24;25,True,28/05/2026,401,DISCORDANCIA_COMPOSICION,MEDIA,CMF_REPORTE_LEY_21757_NCG555,CMF_REGISTRO_DIRECTORES,,,True,False,CMF_REGISTRO_DIRECTORES
76477116,CF SEGUROS DE VIDA S.A.,5,5,0,0,True,100.0,0.0,100.0,80.0,True,100.0,0.0,True,04/04/2024,False,False,100.0,100.0,True,False,False,PRE_LEY_NO_EVALUABLE,0.0,0.0,True,3;4;5;6;7;8;9;10;11;12;13;14;15;16;17;18;19;20;21;22;23;24;25,True,04/04/2024,0,CONSISTENTE,,CMF_REPORTE_LEY_21757_NCG555,CMF_REGISTRO_DIRECTORES,,,True,False,CMF_REGISTRO_DIRECTORES
96601710,CIMENTA S.A. ADMINISTRADORA GENERAL DE FONDOS,8,8,0,0,True,100.0,0.0,100.0,80.0,True,100.0,0.0,True,23/04/2024,False,False,100.0,100.0,True,False,False,PRE_LEY_NO_EVALUABLE,0.0,0.0,True,3;4;5;6;7;8;9;10;11;12;13;14;15;16;17;18;19;20;21;22;23;24;25,True,28/05/2026,765,CONSISTENTE,,CMF_REPORTE_LEY_21757_NCG555,CMF_REGISTRO_DIRECTORES,,,True,False,CMF_REGISTRO_DIRECTORES
93930000,CLINICA LAS CONDES S.A.,9,9,0,0,True,100.0,0.0,100.0,80.0,True,100.0,0.0,True,24/04/2025,False,False,100.0,100.0,True,False,False,PRE_LEY_NO_EVALUABLE,0.0,0.0,True,3;4;5;6;7;8;9;10;11;12;13;14;15;16;17;18;19;20;21;22;23;24;25,True,24/04/2025,0,CONSISTENTE,,CMF_REPORTE_LEY_21757_NCG555,CMF_REGISTRO_DIRECTORES,,,True,False,CMF_REGISTRO_DIRECTORES
96727610,CLUB DE GOLF HUINGANAL SOCIEDAD ANONIMA,9,9,0,0,True,100.0,0.0,100.0,80.0,True,100.0,0.0,True,02/07/2025,False,False,100.0,100.0,True,False,False,PRE_LEY_NO_EVALUABLE,0.0,0.0,True,3;4;5;6;7;8;9;10;11;12;13;14;15;16;17;18;19;20;21;22;23;24;25,True,02/07/2025,0,CONSISTENTE,,CMF_REPORTE_LEY_21757_NCG555,CMF_REGISTRO_DIRECTORES,,,True,False,CMF_REGISTRO_DIRECTORES
99569020,CLUB DEPORTIVO PALESTINO SADP,11,11,0,0,True,100.0,0.0,100.0,80.0,True,100.0,0.0,True,30/04/2026,True,True,100.0,100.0,True,False,True,POST_LEY_SOBRE_UMBRAL_SUGERIDO,0.0,0.0,True,3;4;5;6;7;8;9;10;11;12;13;14;15;16;17;18;19;20;21;22;23;24;25,True,01/05/2025,-364,CONSISTENTE,,CMF_REPORTE_LEY_21757_NCG555,CMF_REGISTRO_DIRECTORES,100.0,27/04/2023,True,False,CMF_REGISTRO_DIRECTORES
82912300,CLUB HIPICO DE PUNTA ARENAS S.A.,9,9,0,0,True,100.0,0.0,100.0,80.0,True,100.0,0.0,True,30/04/2026,True,True,100.0,100.0,True,False,True,POST_LEY_SOBRE_UMBRAL_SUGERIDO,0.0,0.0,True,3;4;5;6;7;8;9;10;11;12;13;14;15;16;17;18;19;20;21;22;23;24;25,True,30/04/2026,0,CONSISTENTE,,CMF_REPORTE_LEY_21757_NCG555,CMF_REGISTRO_DIRECTORES,100.0,25/04/2025,True,False,CMF_REGISTRO_DIRECTORES
96690790,CMB-PRIME ADMINISTRADORA GENERAL DE FONDOS S.A.,5,5,0,0,True,100.0,0.0,100.0,80.0,True,100.0,0.0,True,24/04/2025,False,False,100.0,100.0,True,False,False,PRE_LEY_NO_EVALUABLE,0.0,0.0,True,3;4;5;6;7;8;9;10;11;12;13;14;15;16;17;18;19;20;21;22;23;24;25,True,24/04/2025,0,CONSISTENTE,,CMF_REPORTE_LEY_21757_NCG555,CMF_REGISTRO_DIRECTORES,,,True,False,CMF_REGISTRO_DIRECTORES
96686870,COAGRA S.A.,7,7,0,0,True,100.0,0.0,100.0,80.0,True,100.0,0.0,True,30/04/2026,True,True,100.0,100.0,True,False,True,POST_LEY_SOBRE_UMBRAL_SUGERIDO,0.0,0.0,True,3;4;5;6;7;8;9;10;11;12;13;14;15;16;17;18;19;20;21;22;23;24;25,True,30/04/2026,0,CONSISTENTE,,CMF_REPORTE_LEY_21757_NCG555,CMF_REGISTRO_DIRECTORES,100.0,25/07/2024,True,False,CMF_REGISTRO_DIRECTORES
76317889,"COMDER, CONTRAPARTE CENTRAL S.A.",9,9,0,0,True,100.0,0.0,100.0,80.0,True,100.0,0.0,True,24/04/2026,True,True,100.0,100.0,True,False,True,POST_LEY_SOBRE_UMBRAL_SUGERIDO,0.0,0.0,True,3;4;5;6;7;8;9;10;11;12;13;14;15;16;17;18;19;20;21;22;23;24;25,True,24/04/2026,0,CONSISTENTE,,CMF_REPORTE_LEY_21757_NCG555,CMF_REGISTRO_DIRECTORES,100.0,26/04/2024,True,False,CMF_REGISTRO_DIRECTORES
81290800,COMPAÑIA AGROPECUARIA COPEVAL S.A.,7,7,0,0,True,100.0,0.0,100.0,80.0,True,100.0,0.0,True,22/04/2025,False,False,100.0,100.0,True,False,False,PRE_LEY_NO_EVALUABLE,0.0,0.0,True,3;4;5;6;7;8;9;10;11;12;13;14;15;16;17;18;19;20;21;22;23;24;25,True,22/04/2025,0,CONSISTENTE,,CMF_REPORTE_LEY_21757_NCG555,CMF_REGISTRO_DIRECTORES,,,True,False,CMF_REGISTRO_DIRECTORES
90081000,COMPAÑIA CHILENA DE FOSFOROS S.A.,7,7,0,0,True,100.0,0.0,100.0,80.0,True,100.0,0.0,True,29/04/2025,False,False,100.0,100.0,True,False,False,PRE_LEY_NO_EVALUABLE,0.0,0.0,True,3;4;5;6;7;8;9;10;11;12;13;14;15;16;17;18;19;20;21;22;23;24;25,True,29/04/2025,0,CONSISTENTE,,CMF_REPORTE_LEY_21757_NCG555,CMF_REGISTRO_DIRECTORES,,,True,False,CMF_REGISTRO_DIRECTORES
90320000,COMPAÑIA ELECTRO METALURGICA S.A.,7,7,0,0,True,100.0,0.0,100.0,80.0,True,100.0,0.0,True,09/04/2025,False,False,100.0,100.0,True,False,False,PRE_LEY_NO_EVALUABLE,0.0,0.0,True,3;4;5;6;7;8;9;10;11;12;13;14;15;16;17;18;19;20;21;22;23;24;25,True,09/04/2025,0,CONSISTENTE,,CMF_REPORTE_LEY_21757_NCG555,CMF_REGISTRO_DIRECTORES,,,True,False,CMF_REGISTRO_DIRECTORES
93830000,COMPAÑIAS CIC S.A.,5,5,0,0,True,100.0,0.0,100.0,80.0,True,100.0,0.0,True,23/04/2025,False,False,100.0,100.0,True,False,False,PRE_LEY_NO_EVALUABLE,0.0,0.0,True,3;4;5;6;7;8;9;10;11;12;13;14;15;16;17;18;19;20;21;22;23;24;25,True,13/04/2022,-1106,CONSISTENTE,,CMF_REPORTE_LEY_21757_NCG555,CMF_REGISTRO_DIRECTORES,,,True,False,CMF_REGISTRO_DIRECTORES
77509915,COMPAÑÍA EMISORA DE MEDIOS DE PAGO DIGITALES S.A.,0,0,0,0,False,,,,80.0,False,100.0,,,20/04/2023,False,False,100.0,,True,False,False,PRE_LEY_NO_EVALUABLE,,,,3;4;5;6;7;8;9;10;11;12;13;14;15;16;17;18;19;20;21;22;23;24;25,,,,SIN_COMPOSICION_NOMINAL,,CMF_REPORTE_LEY_21757_NCG555,NO_PUBLICADA_EN_REGISTRO_NOMINAL,,,True,False,NO_PUBLICADA_EN_REGISTRO_NOMINAL
76981875,CONTEMPORA COMPAÑIA DE SEGUROS GENERALES S.A.,5,5,0,0,True,100.0,0.0,100.0,80.0,True,100.0,0.0,True,25/05/2023,False,False,100.0,100.0,True,False,False,PRE_LEY_NO_EVALUABLE,0.0,0.0,True,3;4;5;6;7;8;9;10;11;12;13;14;15;16;17;18;19;20;21;22;23;24;25,True,30/06/2026,1132,CONSISTENTE,,CMF_REPORTE_LEY_21757_NCG555,CMF_REGISTRO_DIRECTORES,,,True,False,CMF_REGISTRO_DIRECTORES
76072469,CRUZADOS S.A.D.P.,11,11,0,0,True,100.0,0.0,100.0,80.0,True,100.0,0.0,True,20/04/2026,True,True,100.0,100.0,True,False,True,POST_LEY_SOBRE_UMBRAL_SUGERIDO,0.0,0.0,True,3;4;5;6;7;8;9;10;11;12;13;14;15;16;17;18;19;20;21;22;23;24;25,True,20/04/2026,0,CONSISTENTE,,CMF_REPORTE_LEY_21757_NCG555,CMF_REGISTRO_DIRECTORES,100.0,24/04/2025,True,False,CMF_REGISTRO_DIRECTORES
96522900,"CRÉDITOS, ORGANIZACIÓN Y FINANZAS S.A.",5,5,0,0,True,100.0,0.0,100.0,80.0,True,100.0,0.0,True,25/04/2024,False,False,100.0,100.0,True,False,False,PRE_LEY_NO_EVALUABLE,0.0,0.0,True,3;4;5;6;7;8;9;10;11;12;13;14;15;16;17;18;19;20;21;22;23;24;25,True,25/04/2024,0,CONSISTENTE,,CMF_REPORTE_LEY_21757_NCG555,CMF_REGISTRO_DIRECTORES,,,True,False,CMF_REGISTRO_DIRECTORES
77198108,DCV ASESORIAS Y SERVICIOS S.A.,10,10,0,0,True,100.0,0.0,100.0,80.0,True,100.0,0.0,True,31/03/2026,True,True,100.0,100.0,True,False,True,POST_LEY_SOBRE_UMBRAL_SUGERIDO,0.0,0.0,True,3;4;5;6;7;8;9;10;11;12;13;14;15;16;17;18;19;20;21;22;23;24;25,True,31/03/2026,0,CONSISTENTE,,CMF_REPORTE_LEY_21757_NCG555,CMF_REGISTRO_DIRECTORES,100.0,29/10/2025,True,False,CMF_REGISTRO_DIRECTORES
96666140,DEPOSITO CENTRAL DE VALORES S.A. DEPOSITO DE VALORES,10,10,0,0,True,100.0,0.0,100.0,80.0,True,100.0,0.0,True,31/03/2026,True,True,100.0,100.0,True,False,True,POST_LEY_SOBRE_UMBRAL_SUGERIDO,0.0,0.0,True,3;4;5;6;7;8;9;10;11;12;13;14;15;16;17;18;19;20;21;22;23;24;25,True,31/03/2026,0,CONSISTENTE,,CMF_REPORTE_LEY_21757_NCG555,CMF_REGISTRO_DIRECTORES,100.0,29/10/2025,True,False,CMF_REGISTRO_DIRECTORES
77312496,DIGITAL PAYMENTS PREPAGO S.A,0,0,0,0,False,,,,80.0,False,100.0,,,20/03/2025,False,False,100.0,,True,False,False,PRE_LEY_NO_EVALUABLE,,,,3;4;5;6;7;8;9;10;11;12;13;14;15;16;17;18;19;20;21;22;23;24;25,,,,SIN_COMPOSICION_NOMINAL,,CMF_REPORTE_LEY_21757_NCG555,NO_PUBLICADA_EN_REGISTRO_NOMINAL,,,True,False,NO_PUBLICADA_EN_REGISTRO_NOMINAL
96971830,EF SECURITIZADORA S.A.,5,5,0,0,True,100.0,0.0,100.0,80.0,True,100.0,0.0,True,17/04/2026,True,True,100.0,100.0,True,False,True,POST_LEY_SOBRE_UMBRAL_SUGERIDO,0.0,0.0,True,3;4;5;6;7;8;9;10;11;12;13;14;15;16;17;18;19;20;21;22;23;24;25,True,17/04/2026,0,CONSISTENTE,,CMF_REPORTE_LEY_21757_NCG555,CMF_REGISTRO_DIRECTORES,100.0,30/04/2025,True,False,CMF_REGISTRO_DIRECTORES
92770000,EMPRESA CONSTRUCTORA MOLLER Y PEREZ-COTAPOS S.A.,7,7,0,0,True,100.0,0.0,100.0,80.0,True,100.0,0.0,True,30/04/2026,True,True,100.0,100.0,True,False,True,POST_LEY_SOBRE_UMBRAL_SUGERIDO,0.0,0.0,True,3;4;5;6;7;8;9;10;11;12;13;14;15;16;17;18;19;20;21;22;23;24;25,True,27/05/2026,27,CONSISTENTE,,CMF_REPORTE_LEY_21757_NCG555,CMF_REGISTRO_DIRECTORES,100.0,27/04/2023,True,False,CMF_REGISTRO_DIRECTORES
91550000,EMPRESAS IANSA S.A.,5,5,0,0,True,100.0,0.0,100.0,80.0,True,100.0,0.0,True,02/04/2026,True,True,100.0,100.0,True,False,True,POST_LEY_SOBRE_UMBRAL_SUGERIDO,0.0,0.0,True,3;4;5;6;7;8;9;10;11;12;13;14;15;16;17;18;19;20;21;22;23;24;25,True,26/05/2026,54,CONSISTENTE,,CMF_REPORTE_LEY_21757_NCG555,CMF_REGISTRO_DIRECTORES,100.0,23/04/2025,True,False,CMF_REGISTRO_DIRECTORES
76266594,EMPRESAS TRICOT S.A.,8,8,0,0,True,100.0,0.0,100.0,80.0,True,100.0,0.0,True,27/03/2025,False,False,100.0,100.0,True,False,False,PRE_LEY_NO_EVALUABLE,0.0,0.0,True,3;4;5;6;7;8;9;10;11;12;13;14;15;16;17;18;19;20;21;22;23;24;25,True,27/03/2025,0,CONSISTENTE,,CMF_REPORTE_LEY_21757_NCG555,CMF_REGISTRO_DIRECTORES,,,True,False,CMF_REGISTRO_DIRECTORES
99279000,EUROAMERICA SEGUROS DE VIDA S.A.,5,5,0,0,True,100.0,0.0,100.0,80.0,True,100.0,0.0,True,30/04/2025,False,False,100.0,100.0,True,False,False,PRE_LEY_NO_EVALUABLE,0.0,0.0,True,3;4;5;6;7;8;9;10;11;12;13;14;15;16;17;18;19;20;21;22;23;24;25,True,25/06/2025,56,CONSISTENTE,,CMF_REPORTE_LEY_21757_NCG555,CMF_REGISTRO_DIRECTORES,,,True,False,CMF_REGISTRO_DIRECTORES
76507811,FALCOM ADMINISTRADORA GENERAL DE FONDOS S.A.,5,5,0,0,True,100.0,0.0,100.0,80.0,True,100.0,0.0,True,29/04/2025,False,False,100.0,100.0,True,False,False,PRE_LEY_NO_EVALUABLE,0.0,0.0,True,3;4;5;6;7;8;9;10;11;12;13;14;15;16;17;18;19;20;21;22;23;24;25,True,29/04/2025,0,CONSISTENTE,,CMF_REPORTE_LEY_21757_NCG555,CMF_REGISTRO_DIRECTORES,,,True,False,CMF_REGISTRO_DIRECTORES
91553000,FORESTAL CONSTRUCTORA Y COMERCIAL DEL PACIFICO SUR S.A.,5,5,0,0,True,100.0,0.0,100.0,80.0,True,100.0,0.0,True,30/04/2026,True,True,100.0,100.0,True,False,True,POST_LEY_SOBRE_UMBRAL_SUGERIDO,0.0,0.0,True,3;4;5;6;7;8;9;10;11;12;13;14;15;16;17;18;19;20;21;22;23;24;25,True,09/01/2026,-111,CONSISTENTE,,CMF_REPORTE_LEY_21757_NCG555,CMF_REGISTRO_DIRECTORES,100.0,25/04/2024,True,False,CMF_REGISTRO_DIRECTORES
77303281,GASCO INVERSIONES S.A.,5,5,0,0,True,100.0,0.0,100.0,80.0,True,100.0,0.0,True,17/04/2024,False,False,100.0,100.0,True,False,False,PRE_LEY_NO_EVALUABLE,0.0,0.0,True,3;4;5;6;7;8;9;10;11;12;13;14;15;16;17;18;19;20;21;22;23;24;25,True,30/04/2024,13,CONSISTENTE,,CMF_REPORTE_LEY_21757_NCG555,CMF_REGISTRO_DIRECTORES,,,True,False,CMF_REGISTRO_DIRECTORES
99504480,HACIENDA CHICUREO CLUB S.A.,0,0,0,0,False,,,,80.0,False,100.0,,,24/05/2024,False,False,100.0,,True,False,False,PRE_LEY_NO_EVALUABLE,,,,3;4;5;6;7;8;9;10;11;12;13;14;15;16;17;18;19;20;21;22;23;24;25,,,,SIN_COMPOSICION_NOMINAL,,CMF_REPORTE_LEY_21757_NCG555,NO_PUBLICADA_EN_REGISTRO_NOMINAL,,,True,False,NO_PUBLICADA_EN_REGISTRO_NOMINAL
76213329,HELP SEGUROS DE VIDA S.A.,7,7,0,0,True,100.0,0.0,100.0,80.0,True,100.0,0.0,True,31/03/2026,True,True,100.0,100.0,True,False,True,POST_LEY_SOBRE_UMBRAL_SUGERIDO,0.0,0.0,True,3;4;5;6;7;8;9;10;11;12;13;14;15;16;17;18;19;20;21;22;23;24;25,True,24/09/2025,-188,CONSISTENTE,,CMF_REPORTE_LEY_21757_NCG555,CMF_REGISTRO_DIRECTORES,100.0,31/03/2025,True,False,CMF_REGISTRO_DIRECTORES
96621750,HIPERMARC S.A.,5,5,0,0,True,100.0,0.0,100.0,80.0,True,100.0,0.0,True,30/04/2024,False,False,100.0,100.0,True,False,False,PRE_LEY_NO_EVALUABLE,0.0,0.0,True,3;4;5;6;7;8;9;10;11;12;13;14;15;16;17;18;19;20;21;22;23;24;25,True,30/04/2024,0,CONSISTENTE,,CMF_REPORTE_LEY_21757_NCG555,CMF_REGISTRO_DIRECTORES,,,True,False,CMF_REGISTRO_DIRECTORES
92317000,HIPODROMO DE ARICA S.A.,9,8,1,0,True,88.8889,11.1111,88.8889,80.0,True,100.0,11.1111,False,30/05/2025,False,False,100.0,88.8889,True,False,False,PRE_LEY_NO_EVALUABLE,-11.111099999999993,11.111099999999993,False,3;4;5;6;7;8;9;10;11;12;13;14;15;16;17;18;19;20;21;22;23;24;25,True,26/03/2026,300,DISCORDANCIA_COMPOSICION,MEDIA,CMF_REPORTE_LEY_21757_NCG555,CMF_REGISTRO_DIRECTORES,,,True,False,CMF_REGISTRO_DIRECTORES
76034728,HMC S.A. ADMINISTRADORA GENERAL DE FONDOS,5,5,0,0,True,100.0,0.0,100.0,80.0,True,100.0,0.0,True,28/04/2025,False,False,100.0,100.0,True,False,False,PRE_LEY_NO_EVALUABLE,0.0,0.0,True,3;4;5;6;7;8;9;10;11;12;13;14;15;16;17;18;19;20;21;22;23;24;25,True,28/04/2025,0,CONSISTENTE,,CMF_REPORTE_LEY_21757_NCG555,CMF_REGISTRO_DIRECTORES,,,True,False,CMF_REGISTRO_DIRECTORES
77726203,HOLDING BURSATIL REGIONAL S.A.,11,11,0,0,True,100.0,0.0,100.0,80.0,True,100.0,0.0,True,28/04/2026,True,True,100.0,100.0,True,False,True,POST_LEY_SOBRE_UMBRAL_SUGERIDO,0.0,0.0,True,3;4;5;6;7;8;9;10;11;12;13;14;15;16;17;18;19;20;21;22;23;24;25,True,28/04/2026,0,CONSISTENTE,,CMF_REPORTE_LEY_21757_NCG555,CMF_REGISTRO_DIRECTORES,100.0,24/04/2025,True,False,CMF_REGISTRO_DIRECTORES
92287000,INMOBILIARIA CLUB CONCEPCION S.A.,5,5,0,0,True,100.0,0.0,100.0,80.0,True,100.0,0.0,True,24/04/2025,False,False,100.0,100.0,True,False,False,PRE_LEY_NO_EVALUABLE,0.0,0.0,True,3;4;5;6;7;8;9;10;11;12;13;14;15;16;17;18;19;20;21;22;23;24;25,True,24/04/2025,0,CONSISTENTE,,CMF_REPORTE_LEY_21757_NCG555,CMF_REGISTRO_DIRECTORES,,,True,False,CMF_REGISTRO_DIRECTORES
88745400,INMOBILIARIA MANQUEHUE S.A.,7,7,0,0,True,100.0,0.0,100.0,80.0,True,100.0,0.0,True,24/04/2025,False,False,100.0,100.0,True,False,False,PRE_LEY_NO_EVALUABLE,0.0,0.0,True,3;4;5;6;7;8;9;10;11;12;13;14;15;16;17;18;19;20;21;22;23;24;25,True,24/04/2025,0,CONSISTENTE,,CMF_REPORTE_LEY_21757_NCG555,CMF_REGISTRO_DIRECTORES,,,True,False,CMF_REGISTRO_DIRECTORES
99551480,INMOBILIARIA SAN PATRICIO S.A.,5,5,0,0,True,100.0,0.0,100.0,80.0,True,100.0,0.0,True,21/04/2026,True,True,100.0,100.0,True,False,True,POST_LEY_SOBRE_UMBRAL_SUGERIDO,0.0,0.0,True,3;4;5;6;7;8;9;10;11;12;13;14;15;16;17;18;19;20;21;22;23;24;25,True,21/04/2026,0,CONSISTENTE,,CMF_REPORTE_LEY_21757_NCG555,CMF_REGISTRO_DIRECTORES,100.0,24/04/2025,True,False,CMF_REGISTRO_DIRECTORES
96872980,INVERNOVA S.A.,5,5,0,0,True,100.0,0.0,100.0,80.0,True,100.0,0.0,True,23/04/2025,False,False,100.0,100.0,True,False,False,PRE_LEY_NO_EVALUABLE,0.0,0.0,True,3;4;5;6;7;8;9;10;11;12;13;14;15;16;17;18;19;20;21;22;23;24;25,True,23/04/2025,0,CONSISTENTE,,CMF_REPORTE_LEY_21757_NCG555,CMF_REGISTRO_DIRECTORES,,,True,False,CMF_REGISTRO_DIRECTORES
77274820,INVERSIONES AGUAS METROPOLITANAS S.A.,7,7,0,0,True,100.0,0.0,100.0,80.0,True,100.0,0.0,True,17/04/2025,False,False,100.0,100.0,True,False,False,PRE_LEY_NO_EVALUABLE,0.0,0.0,True,3;4;5;6;7;8;9;10;11;12;13;14;15;16;17;18;19;20;21;22;23;24;25,True,17/04/2025,0,CONSISTENTE,,CMF_REPORTE_LEY_21757_NCG555,CMF_REGISTRO_DIRECTORES,,,True,False,CMF_REGISTRO_DIRECTORES
76265724,INVERSIONES LP S.A.,0,0,0,0,False,,,,80.0,False,100.0,,,25/04/2024,False,False,100.0,,True,False,False,PRE_LEY_NO_EVALUABLE,,,,3;4;5;6;7;8;9;10;11;12;13;14;15;16;17;18;19;20;21;22;23;24;25,,,,SIN_COMPOSICION_NOMINAL,,CMF_REPORTE_LEY_21757_NCG555,NO_PUBLICADA_EN_REGISTRO_NOMINAL,,,True,False,NO_PUBLICADA_EN_REGISTRO_NOMINAL
96542300,INVERSIONES TRICAHUE S.A.,7,7,0,0,True,100.0,0.0,100.0,80.0,True,100.0,0.0,True,29/04/2026,True,True,100.0,100.0,True,False,True,POST_LEY_SOBRE_UMBRAL_SUGERIDO,0.0,0.0,True,3;4;5;6;7;8;9;10;11;12;13;14;15;16;17;18;19;20;21;22;23;24;25,True,29/04/2026,0,CONSISTENTE,,CMF_REPORTE_LEY_21757_NCG555,CMF_REGISTRO_DIRECTORES,100.0,30/04/2024,True,False,CMF_REGISTRO_DIRECTORES
76551925,INVINSA ADMINISTRADORA GENERAL DE FONDOS S.A.,5,5,0,0,True,100.0,0.0,100.0,80.0,True,100.0,0.0,True,25/04/2025,False,False,100.0,100.0,True,False,False,PRE_LEY_NO_EVALUABLE,0.0,0.0,True,3;4;5;6;7;8;9;10;11;12;13;14;15;16;17;18;19;20;21;22;23;24;25,True,25/04/2025,0,CONSISTENTE,,CMF_REPORTE_LEY_21757_NCG555,CMF_REGISTRO_DIRECTORES,,,True,False,CMF_REGISTRO_DIRECTORES
99546900,ISWITCH S.A.,0,0,0,0,False,,,,80.0,False,100.0,,,16/04/2025,False,False,100.0,,True,False,False,PRE_LEY_NO_EVALUABLE,,,,3;4;5;6;7;8;9;10;11;12;13;14;15;16;17;18;19;20;21;22;23;24;25,,,,SIN_COMPOSICION_NOMINAL,,CMF_REPORTE_LEY_21757_NCG555,NO_PUBLICADA_EN_REGISTRO_NOMINAL,,,True,False,NO_PUBLICADA_EN_REGISTRO_NOMINAL
76503272,LAB CAPITAL ADMINISTRADORA GENERAL DE FONDOS S.A.,5,4,1,0,True,80.0,20.0,80.0,80.0,False,100.0,20.0,False,31/12/2025,False,False,100.0,80.0,True,False,False,PRE_LEY_NO_EVALUABLE,-20.0,20.0,False,3;4;5;6;7;8;9;10;11;12;13;14;15;16;17;18;19;20;21;22;23;24;25,True,12/06/2026,163,DISCORDANCIA_COMPOSICION,ALTA,CMF_REPORTE_LEY_21757_NCG555,CMF_REGISTRO_DIRECTORES,,,True,False,CMF_REGISTRO_DIRECTORES
96505550,LIGA DE DEPORTES LA REINA S.A.,5,5,0,0,True,100.0,0.0,100.0,80.0,True,100.0,0.0,True,29/05/2025,False,False,100.0,100.0,True,False,False,PRE_LEY_NO_EVALUABLE,0.0,0.0,True,3;4;5;6;7;8;9;10;11;12;13;14;15;16;17;18;19;20;21;22;23;24;25,True,28/04/1995,-10989,CONSISTENTE,,CMF_REPORTE_LEY_21757_NCG555,CMF_REGISTRO_DIRECTORES,,,True,False,CMF_REGISTRO_DIRECTORES
94660000,MARITIMA DE INVERSIONES S.A.,5,5,0,0,True,100.0,0.0,100.0,80.0,True,100.0,0.0,True,10/04/2026,True,True,100.0,100.0,True,False,True,POST_LEY_SOBRE_UMBRAL_SUGERIDO,0.0,0.0,True,3;4;5;6;7;8;9;10;11;12;13;14;15;16;17;18;19;20;21;22;23;24;25,True,10/04/2026,0,CONSISTENTE,,CMF_REPORTE_LEY_21757_NCG555,CMF_REGISTRO_DIRECTORES,100.0,28/04/2023,True,False,CMF_REGISTRO_DIRECTORES
76109779,MELON S.A.,9,9,0,0,True,100.0,0.0,100.0,80.0,True,100.0,0.0,True,24/04/2024,False,False,100.0,100.0,True,False,False,PRE_LEY_NO_EVALUABLE,0.0,0.0,True,3;4;5;6;7;8;9;10;11;12;13;14;15;16;17;18;19;20;21;22;23;24;25,True,24/04/2024,0,CONSISTENTE,,CMF_REPORTE_LEY_21757_NCG555,CMF_REGISTRO_DIRECTORES,,,True,False,CMF_REGISTRO_DIRECTORES
90412000,MINERA VALPARAISO S.A.,5,5,0,0,True,100.0,0.0,100.0,80.0,True,100.0,0.0,True,30/04/2026,True,True,100.0,100.0,True,False,True,POST_LEY_SOBRE_UMBRAL_SUGERIDO,0.0,0.0,True,3;4;5;6;7;8;9;10;11;12;13;14;15;16;17;18;19;20;21;22;23;24;25,True,09/01/2026,-111,CONSISTENTE,,CMF_REPORTE_LEY_21757_NCG555,CMF_REGISTRO_DIRECTORES,100.0,30/04/2025,True,False,CMF_REGISTRO_DIRECTORES
99025000,MUTUALIDAD DEL EJERCITO Y AVIACION,7,7,0,0,True,100.0,0.0,100.0,80.0,True,100.0,0.0,True,23/04/2026,True,True,100.0,100.0,True,False,True,POST_LEY_SOBRE_UMBRAL_SUGERIDO,0.0,0.0,True,3;4;5;6;7;8;9;10;11;12;13;14;15;16;17;18;19;20;21;22;23;24;25,True,23/04/2026,0,CONSISTENTE,,CMF_REPORTE_LEY_21757_NCG555,CMF_REGISTRO_DIRECTORES,100.0,29/04/2025,True,False,CMF_REGISTRO_DIRECTORES
96566900,NAVARINO S.A.,5,5,0,0,True,100.0,0.0,100.0,80.0,True,100.0,0.0,True,10/04/2026,True,True,100.0,100.0,True,False,True,POST_LEY_SOBRE_UMBRAL_SUGERIDO,0.0,0.0,True,3;4;5;6;7;8;9;10;11;12;13;14;15;16;17;18;19;20;21;22;23;24;25,True,10/04/2026,0,CONSISTENTE,,CMF_REPORTE_LEY_21757_NCG555,CMF_REGISTRO_DIRECTORES,100.0,28/04/2023,True,False,CMF_REGISTRO_DIRECTORES
76122579,NEORENTAS S.A. ADMINISTRADORA GENERAL DE FONDOS,4,4,0,0,True,100.0,0.0,100.0,80.0,True,100.0,0.0,True,29/04/2026,True,True,100.0,100.0,True,False,True,POST_LEY_SOBRE_UMBRAL_SUGERIDO,0.0,0.0,True,3;4;5;6;7;8;9;10;11;12;13;14;15;16;17;18;19;20;21;22;23;24;25,True,04/05/2026,5,CONSISTENTE,,CMF_REPORTE_LEY_21757_NCG555,CMF_REGISTRO_DIRECTORES,100.0,27/04/2023,True,False,CMF_REGISTRO_DIRECTORES
83017600,NIBSA S.A.,7,7,0,0,True,100.0,0.0,100.0,80.0,True,100.0,0.0,True,29/04/2025,False,False,100.0,100.0,True,False,False,PRE_LEY_NO_EVALUABLE,0.0,0.0,True,3;4;5;6;7;8;9;10;11;12;13;14;15;16;17;18;19;20;21;22;23;24;25,True,29/04/2025,0,CONSISTENTE,,CMF_REPORTE_LEY_21757_NCG555,CMF_REGISTRO_DIRECTORES,,,True,False,CMF_REGISTRO_DIRECTORES
76850128,NUEVA ATACAMA S.A.,6,6,0,0,True,100.0,0.0,100.0,80.0,True,100.0,0.0,True,30/04/2026,True,True,100.0,100.0,True,False,True,POST_LEY_SOBRE_UMBRAL_SUGERIDO,0.0,0.0,True,3;4;5;6;7;8;9;10;11;12;13;14;15;16;17;18;19;20;21;22;23;24;25,True,29/04/2026,-1,CONSISTENTE,,CMF_REPORTE_LEY_21757_NCG555,CMF_REGISTRO_DIRECTORES,100.0,23/04/2025,True,False,CMF_REGISTRO_DIRECTORES
80326500,OXIQUIM S.A.,6,6,0,0,True,100.0,0.0,100.0,80.0,True,100.0,0.0,True,26/04/2026,True,True,100.0,100.0,True,False,True,POST_LEY_SOBRE_UMBRAL_SUGERIDO,0.0,0.0,True,3;4;5;6;7;8;9;10;11;12;13;14;15;16;17;18;19;20;21;22;23;24;25,True,29/04/2026,3,CONSISTENTE,,CMF_REPORTE_LEY_21757_NCG555,CMF_REGISTRO_DIRECTORES,100.0,30/04/2025,True,False,CMF_REGISTRO_DIRECTORES
96632170,PENTA LAS AMERICAS ADMINISTRADORA GENERAL DE FONDOS S.A.,5,5,0,0,True,100.0,0.0,100.0,80.0,True,100.0,0.0,True,29/04/2025,False,False,100.0,100.0,True,False,False,PRE_LEY_NO_EVALUABLE,0.0,0.0,True,3;4;5;6;7;8;9;10;11;12;13;14;15;16;17;18;19;20;21;22;23;24;25,True,29/04/2025,0,CONSISTENTE,,CMF_REPORTE_LEY_21757_NCG555,CMF_REGISTRO_DIRECTORES,,,True,False,CMF_REGISTRO_DIRECTORES
76202136,PICTON ADMINISTRADORA GENERAL DE FONDOS S.A.,5,5,0,0,True,100.0,0.0,100.0,80.0,True,100.0,0.0,True,29/04/2025,False,False,100.0,100.0,True,False,False,PRE_LEY_NO_EVALUABLE,0.0,0.0,True,3;4;5;6;7;8;9;10;11;12;13;14;15;16;17;18;19;20;21;22;23;24;25,True,30/11/2017,-2707,CONSISTENTE,,CMF_REPORTE_LEY_21757_NCG555,CMF_REGISTRO_DIRECTORES,,,True,False,CMF_REGISTRO_DIRECTORES
96723320,PORTUARIA CABO FROWARD S.A.,6,6,0,0,True,100.0,0.0,100.0,80.0,True,100.0,0.0,True,12/04/2024,False,False,100.0,100.0,True,False,False,PRE_LEY_NO_EVALUABLE,0.0,0.0,True,3;4;5;6;7;8;9;10;11;12;13;14;15;16;17;18;19;20;21;22;23;24;25,True,24/04/2024,12,CONSISTENTE,,CMF_REPORTE_LEY_21757_NCG555,CMF_REGISTRO_DIRECTORES,,,True,False,CMF_REGISTRO_DIRECTORES
90743000,PROMOTORA CMR FALABELLA S.A.,7,6,1,0,True,85.7143,14.2857,85.7143,80.0,True,100.0,14.2857,False,18/04/2024,False,False,100.0,85.7143,True,False,False,PRE_LEY_NO_EVALUABLE,-14.285700000000006,14.285700000000006,False,3;4;5;6;7;8;9;10;11;12;13;14;15;16;17;18;19;20;21;22;23;24;25,True,21/11/2017,-2340,POSIBLE_SNAPSHOT_DISTINTO,ALTA,CMF_REPORTE_LEY_21757_NCG555,CMF_REGISTRO_DIRECTORES,,,True,False,CMF_REGISTRO_DIRECTORES
77244875,PRUDENTIAL ADMINISTRADORA GENERAL DE FONDOS S.A.,4,4,0,0,True,100.0,0.0,100.0,80.0,True,100.0,0.0,True,24/04/2026,True,True,100.0,100.0,True,False,True,POST_LEY_SOBRE_UMBRAL_SUGERIDO,0.0,0.0,True,3;4;5;6;7;8;9;10;11;12;13;14;15;16;17;18;19;20;21;22;23;24;25,True,24/04/2026,0,CONSISTENTE,,CMF_REPORTE_LEY_21757_NCG555,CMF_REGISTRO_DIRECTORES,100.0,29/04/2025,True,False,CMF_REGISTRO_DIRECTORES
96640360,QUEMCHI S.A.,5,5,0,0,True,100.0,0.0,100.0,80.0,True,100.0,0.0,True,10/04/2026,True,True,100.0,100.0,True,False,True,POST_LEY_SOBRE_UMBRAL_SUGERIDO,0.0,0.0,True,3;4;5;6;7;8;9;10;11;12;13;14;15;16;17;18;19;20;21;22;23;24;25,True,10/04/2026,0,CONSISTENTE,,CMF_REPORTE_LEY_21757_NCG555,CMF_REGISTRO_DIRECTORES,100.0,28/04/2023,True,False,CMF_REGISTRO_DIRECTORES
96563820,REBRISA S.A.,7,7,0,0,True,100.0,0.0,100.0,80.0,True,100.0,0.0,True,30/04/2026,True,True,100.0,100.0,True,False,True,POST_LEY_SOBRE_UMBRAL_SUGERIDO,0.0,0.0,True,3;4;5;6;7;8;9;10;11;12;13;14;15;16;17;18;19;20;21;22;23;24;25,True,30/04/2026,0,CONSISTENTE,,CMF_REPORTE_LEY_21757_NCG555,CMF_REGISTRO_DIRECTORES,100.0,25/04/2024,True,False,CMF_REGISTRO_DIRECTORES
94716000,RENTA NACIONAL COMPA#IA DE SEGUROS DE VIDA S.A.,4,4,0,0,True,100.0,0.0,100.0,80.0,True,100.0,0.0,True,16/01/2024,False,False,100.0,100.0,True,False,False,PRE_LEY_NO_EVALUABLE,0.0,0.0,True,3;4;5;6;7;8;9;10;11;12;13;14;15;16;17;18;19;20;21;22;23;24;25,True,13/12/2023,-34,CONSISTENTE,,CMF_REPORTE_LEY_21757_NCG555,CMF_REGISTRO_DIRECTORES,,,True,False,CMF_REGISTRO_DIRECTORES
94510000,RENTA NACIONAL COMPA#IA DE SEGUROS GENERALES S.A.,5,5,0,0,True,100.0,0.0,100.0,80.0,True,100.0,0.0,True,29/04/2024,False,False,100.0,100.0,True,False,False,PRE_LEY_NO_EVALUABLE,0.0,0.0,True,3;4;5;6;7;8;9;10;11;12;13;14;15;16;17;18;19;20;21;22;23;24;25,True,01/02/2024,-88,CONSISTENTE,,CMF_REPORTE_LEY_21757_NCG555,CMF_REGISTRO_DIRECTORES,,,True,False,CMF_REGISTRO_DIRECTORES
76034737,SAVE COMPAÑÍA DE SEGUROS DE VIDA S.A.,6,6,0,0,True,100.0,0.0,100.0,80.0,True,100.0,0.0,True,22/01/2025,False,False,100.0,100.0,True,False,False,PRE_LEY_NO_EVALUABLE,0.0,0.0,True,3;4;5;6;7;8;9;10;11;12;13;14;15;16;17;18;19;20;21;22;23;24;25,True,22/01/2025,0,CONSISTENTE,,CMF_REPORTE_LEY_21757_NCG555,CMF_REGISTRO_DIRECTORES,,,True,False,CMF_REGISTRO_DIRECTORES
96972780,SECURITIZADORA SUDAMERICANA S.A.,4,4,0,0,True,100.0,0.0,100.0,80.0,True,100.0,0.0,True,30/04/2025,False,False,100.0,100.0,True,False,False,PRE_LEY_NO_EVALUABLE,0.0,0.0,True,3;4;5;6;7;8;9;10;11;12;13;14;15;16;17;18;19;20;21;22;23;24;25,True,30/04/2025,0,CONSISTENTE,,CMF_REPORTE_LEY_21757_NCG555,CMF_REGISTRO_DIRECTORES,,,True,False,CMF_REGISTRO_DIRECTORES
76573480,SEGUROS CLC S.A.,5,5,0,0,True,100.0,0.0,100.0,80.0,True,100.0,0.0,True,24/04/2025,False,False,100.0,100.0,True,False,False,PRE_LEY_NO_EVALUABLE,0.0,0.0,True,3;4;5;6;7;8;9;10;11;12;13;14;15;16;17;18;19;20;21;22;23;24;25,True,24/04/2025,0,CONSISTENTE,,CMF_REPORTE_LEY_21757_NCG555,CMF_REGISTRO_DIRECTORES,,,True,False,CMF_REGISTRO_DIRECTORES
99301000,SEGUROS VIDA SECURITY PREVISION S.A.,6,6,0,0,True,100.0,0.0,100.0,80.0,True,100.0,0.0,True,31/03/2025,False,False,100.0,100.0,True,False,False,PRE_LEY_NO_EVALUABLE,0.0,0.0,True,3;4;5;6;7;8;9;10;11;12;13;14;15;16;17;18;19;20;21;22;23;24;25,True,05/03/2025,-26,CONSISTENTE,,CMF_REPORTE_LEY_21757_NCG555,CMF_REGISTRO_DIRECTORES,,,True,False,CMF_REGISTRO_DIRECTORES
86547900,SOCIEDAD ANONIMA VIÑA SANTA RITA,7,7,0,0,True,100.0,0.0,100.0,80.0,True,100.0,0.0,True,06/04/2026,True,True,100.0,100.0,True,False,True,POST_LEY_SOBRE_UMBRAL_SUGERIDO,0.0,0.0,True,3;4;5;6;7;8;9;10;11;12;13;14;15;16;17;18;19;20;21;22;23;24;25,True,06/04/2026,0,CONSISTENTE,,CMF_REPORTE_LEY_21757_NCG555,CMF_REGISTRO_DIRECTORES,85.71,10/04/2023,True,False,CMF_REGISTRO_DIRECTORES
96989050,SOCIEDAD CONCESIONARIA AUTOPISTA INTERPORTUARIA S.A.,4,4,0,0,True,100.0,0.0,100.0,80.0,True,100.0,0.0,True,26/04/2024,False,False,100.0,100.0,True,False,False,PRE_LEY_NO_EVALUABLE,0.0,0.0,True,3;4;5;6;7;8;9;10;11;12;13;14;15;16;17;18;19;20;21;22;23;24;25,True,26/04/2024,0,CONSISTENTE,,CMF_REPORTE_LEY_21757_NCG555,CMF_REGISTRO_DIRECTORES,,,True,False,CMF_REGISTRO_DIRECTORES
96603740,SOCIEDAD DE ARTESANOS SANTA LUCIA S.A.,7,0,7,0,True,0.0,100.0,100.0,80.0,True,100.0,0.0,True,27/03/2025,False,False,100.0,100.0,True,False,False,PRE_LEY_NO_EVALUABLE,0.0,0.0,True,3;4;5;6;7;8;9;10;11;12;13;14;15;16;17;18;19;20;21;22;23;24;25,True,27/03/2025,0,CONSISTENTE,,CMF_REPORTE_LEY_21757_NCG555,CMF_REGISTRO_DIRECTORES,,,True,False,CMF_REGISTRO_DIRECTORES
96574040,SOCIEDAD DE INVERSIONES NORTE SUR S.A.,7,7,0,0,True,100.0,0.0,100.0,80.0,True,100.0,0.0,True,21/04/2025,False,False,100.0,100.0,True,False,False,PRE_LEY_NO_EVALUABLE,0.0,0.0,True,3;4;5;6;7;8;9;10;11;12;13;14;15;16;17;18;19;20;21;22;23;24;25,True,10/06/2026,415,CONSISTENTE,,CMF_REPORTE_LEY_21757_NCG555,CMF_REGISTRO_DIRECTORES,,,True,False,CMF_REGISTRO_DIRECTORES
76965737,SOCIEDAD EMISORA DE TARJETAS LOS HÉROES S.A.,0,0,0,0,False,,,,80.0,False,100.0,,,28/04/2026,True,False,100.0,,True,False,True,POST_LEY_SOBRE_UMBRAL_SUGERIDO,,,,3;4;5;6;7;8;9;10;11;12;13;14;15;16;17;18;19;20;21;22;23;24;25,,,,SIN_COMPOSICION_NOMINAL,,CMF_REPORTE_LEY_21757_NCG555,NO_PUBLICADA_EN_REGISTRO_NOMINAL,100.0,29/04/2024,True,False,NO_PUBLICADA_EN_REGISTRO_NOMINAL
90256000,SOCIEDAD HIPODROMO CHILE S.A.,9,9,0,0,True,100.0,0.0,100.0,80.0,True,100.0,0.0,True,28/04/2026,True,True,100.0,100.0,True,False,True,POST_LEY_SOBRE_UMBRAL_SUGERIDO,0.0,0.0,True,3;4;5;6;7;8;9;10;11;12;13;14;15;16;17;18;19;20;21;22;23;24;25,True,28/04/2026,0,CONSISTENTE,,CMF_REPORTE_LEY_21757_NCG555,CMF_REGISTRO_DIRECTORES,100.0,23/04/2024,True,False,CMF_REGISTRO_DIRECTORES
95816000,SOCIEDAD INMOBILIARIA VIÑA DEL MAR S.A.,7,7,0,0,True,100.0,0.0,100.0,80.0,True,100.0,0.0,True,20/05/2026,True,True,100.0,100.0,True,False,True,POST_LEY_SOBRE_UMBRAL_SUGERIDO,0.0,0.0,True,3;4;5;6;7;8;9;10;11;12;13;14;15;16;17;18;19;20;21;22;23;24;25,True,22/05/2024,-728,CONSISTENTE,,CMF_REPORTE_LEY_21757_NCG555,CMF_REGISTRO_DIRECTORES,100.0,22/05/2024,True,False,CMF_REGISTRO_DIRECTORES
76196718,SOCIEDAD MATRIZ SAAM S.A.,7,7,0,0,True,100.0,0.0,100.0,80.0,True,100.0,0.0,True,10/04/2026,True,True,100.0,100.0,True,False,True,POST_LEY_SOBRE_UMBRAL_SUGERIDO,0.0,0.0,True,3;4;5;6;7;8;9;10;11;12;13;14;15;16;17;18;19;20;21;22;23;24;25,True,10/04/2026,0,CONSISTENTE,,CMF_REPORTE_LEY_21757_NCG555,CMF_REGISTRO_DIRECTORES,100.0,05/04/2024,True,False,CMF_REGISTRO_DIRECTORES
96561560,SOCIEDAD PUNTA DEL COBRE S.A.,9,9,0,0,True,100.0,0.0,100.0,80.0,True,100.0,0.0,True,15/04/2025,False,False,100.0,100.0,True,False,False,PRE_LEY_NO_EVALUABLE,0.0,0.0,True,3;4;5;6;7;8;9;10;11;12;13;14;15;16;17;18;19;20;21;22;23;24;25,True,28/04/2025,13,CONSISTENTE,,CMF_REPORTE_LEY_21757_NCG555,CMF_REGISTRO_DIRECTORES,,,True,False,CMF_REGISTRO_DIRECTORES
92108000,SOPROCAL CALERIAS E INDUSTRIAS S.A.,5,5,0,0,True,100.0,0.0,100.0,80.0,True,100.0,0.0,True,30/04/2026,True,True,100.0,100.0,True,False,True,POST_LEY_SOBRE_UMBRAL_SUGERIDO,0.0,0.0,True,3;4;5;6;7;8;9;10;11;12;13;14;15;16;17;18;19;20;21;22;23;24;25,True,25/06/2026,56,CONSISTENTE,,CMF_REPORTE_LEY_21757_NCG555,CMF_REGISTRO_DIRECTORES,100.0,28/04/2023,True,False,CMF_REGISTRO_DIRECTORES
99288000,SOUTHBRIDGE COMPAÑIA DE SEGUROS GENERALES S.A.,5,4,1,0,True,80.0,20.0,80.0,80.0,False,100.0,20.0,False,14/04/2025,False,False,100.0,80.0,True,False,False,PRE_LEY_NO_EVALUABLE,-20.0,20.0,False,3;4;5;6;7;8;9;10;11;12;13;14;15;16;17;18;19;20;21;22;23;24;25,True,26/08/2026,499,DISCORDANCIA_COMPOSICION,ALTA,CMF_REPORTE_LEY_21757_NCG555,CMF_REGISTRO_DIRECTORES,,,True,False,CMF_REGISTRO_DIRECTORES
77057272,SOYFOCUS ADMINISTRADORA GENERAL DE FONDOS S.A.,5,5,0,0,True,100.0,0.0,100.0,80.0,True,100.0,0.0,True,21/04/2026,True,True,100.0,100.0,True,False,True,POST_LEY_SOBRE_UMBRAL_SUGERIDO,0.0,0.0,True,3;4;5;6;7;8;9;10;11;12;13;14;15;16;17;18;19;20;21;22;23;24;25,True,21/04/2026,0,CONSISTENTE,,CMF_REPORTE_LEY_21757_NCG555,CMF_REGISTRO_DIRECTORES,60.0,29/04/2025,True,False,CMF_REGISTRO_DIRECTORES
76912075,SUDMÉDICA S.A.,5,4,1,0,True,80.0,20.0,80.0,80.0,False,100.0,20.0,False,16/05/2026,True,False,100.0,80.0,True,False,True,POST_LEY_SOBRE_UMBRAL_SUGERIDO,-20.0,20.0,False,3;4;5;6;7;8;9;10;11;12;13;14;15;16;17;18;19;20;21;22;23;24;25,True,04/07/2025,-316,POSIBLE_SNAPSHOT_DISTINTO,ALTA,CMF_REPORTE_LEY_21757_NCG555,CMF_REGISTRO_DIRECTORES,80.0,28/12/2024,True,False,CMF_REGISTRO_DIRECTORES
76320186,TECNO FAST S.A.,7,7,0,0,True,100.0,0.0,100.0,80.0,True,100.0,0.0,True,29/07/2026,True,True,100.0,100.0,True,False,True,POST_LEY_SOBRE_UMBRAL_SUGERIDO,0.0,0.0,True,3;4;5;6;7;8;9;10;11;12;13;14;15;16;17;18;19;20;21;22;23;24;25,True,29/07/2026,0,CONSISTENTE,,CMF_REPORTE_LEY_21757_NCG555,CMF_REGISTRO_DIRECTORES,100.0,29/04/2026,True,False,CMF_REGISTRO_DIRECTORES
90635000,TELEFONICA CHILE S.A.,5,5,0,0,True,100.0,0.0,100.0,80.0,True,100.0,0.0,True,30/04/2026,True,True,100.0,100.0,True,False,True,POST_LEY_SOBRE_UMBRAL_SUGERIDO,0.0,0.0,True,3;4;5;6;7;8;9;10;11;12;13;14;15;16;17;18;19;20;21;22;23;24;25,True,30/04/2026,0,CONSISTENTE,,CMF_REPORTE_LEY_21757_NCG555,CMF_REGISTRO_DIRECTORES,60.0,27/04/2023,True,False,CMF_REGISTRO_DIRECTORES
96765170,TRANSA SECURITIZADORA S.A.,4,4,0,0,True,100.0,0.0,100.0,80.0,True,100.0,0.0,True,30/04/2026,True,True,100.0,100.0,True,False,True,POST_LEY_SOBRE_UMBRAL_SUGERIDO,0.0,0.0,True,3;4;5;6;7;8;9;10;11;12;13;14;15;16;17;18;19;20;21;22;23;24;25,True,30/04/2026,0,CONSISTENTE,,CMF_REPORTE_LEY_21757_NCG555,CMF_REGISTRO_DIRECTORES,100.0,28/04/2023,True,False,CMF_REGISTRO_DIRECTORES
96842380,TRICARD S.A.,0,0,0,0,False,,,,80.0,False,100.0,,,26/03/2025,False,False,100.0,,True,False,False,PRE_LEY_NO_EVALUABLE,,,,3;4;5;6;7;8;9;10;11;12;13;14;15;16;17;18;19;20;21;22;23;24;25,,,,SIN_COMPOSICION_NOMINAL,,CMF_REPORTE_LEY_21757_NCG555,NO_PUBLICADA_EN_REGISTRO_NOMINAL,,,True,False,NO_PUBLICADA_EN_REGISTRO_NOMINAL
76086272,UNICARD S.A.,0,0,0,0,False,,,,80.0,False,100.0,,,26/04/2024,False,False,100.0,,True,False,False,PRE_LEY_NO_EVALUABLE,,,,3;4;5;6;7;8;9;10;11;12;13;14;15;16;17;18;19;20;21;22;23;24;25,,,,SIN_COMPOSICION_NOMINAL,,CMF_REPORTE_LEY_21757_NCG555,NO_PUBLICADA_EN_REGISTRO_NOMINAL,,,True,False,NO_PUBLICADA_EN_REGISTRO_NOMINAL
96790570,UNION EL GOLF S.A.,7,7,0,0,True,100.0,0.0,100.0,80.0,True,100.0,0.0,True,23/04/2025,False,False,100.0,100.0,True,False,False,PRE_LEY_NO_EVALUABLE,0.0,0.0,True,3;4;5;6;7;8;9;10;11;12;13;14;15;16;17;18;19;20;21;22;23;24;25,True,28/04/2022,-1091,CONSISTENTE,,CMF_REPORTE_LEY_21757_NCG555,CMF_REGISTRO_DIRECTORES,,,True,False,CMF_REGISTRO_DIRECTORES
90414000,VALPARAISO SPORTING CLUB S.A.,8,8,0,0,True,100.0,0.0,100.0,80.0,True,100.0,0.0,True,28/04/2026,True,True,100.0,100.0,True,False,True,POST_LEY_SOBRE_UMBRAL_SUGERIDO,0.0,0.0,True,3;4;5;6;7;8;9;10;11;12;13;14;15;16;17;18;19;20;21;22;23;24;25,True,28/04/2026,0,CONSISTENTE,,CMF_REPORTE_LEY_21757_NCG555,CMF_REGISTRO_DIRECTORES,100.0,24/04/2023,True,False,CMF_REGISTRO_DIRECTORES
76930595,VANTRUST CAPITAL ADMINISTRADORA GENERAL DE FONDOS S.A.,5,5,0,0,True,100.0,0.0,100.0,80.0,True,100.0,0.0,True,30/04/2026,True,True,100.0,100.0,True,False,True,POST_LEY_SOBRE_UMBRAL_SUGERIDO,0.0,0.0,True,3;4;5;6;7;8;9;10;11;12;13;14;15;16;17;18;19;20;21;22;23;24;25,True,30/04/2026,0,CONSISTENTE,,CMF_REPORTE_LEY_21757_NCG555,CMF_REGISTRO_DIRECTORES,75.0,25/04/2025,True,False,CMF_REGISTRO_DIRECTORES
76429904,VENTURANCE S.A. ADMINISTRADORA GENERAL DE FONDOS,4,4,0,0,True,100.0,0.0,100.0,80.0,True,100.0,0.0,True,29/04/2026,True,True,100.0,100.0,True,False,True,POST_LEY_SOBRE_UMBRAL_SUGERIDO,0.0,0.0,True,3;4;5;6;7;8;9;10;11;12;13;14;15;16;17;18;19;20;21;22;23;24;25,True,29/04/2026,0,CONSISTENTE,,CMF_REPORTE_LEY_21757_NCG555,CMF_REGISTRO_DIRECTORES,100.0,30/04/2025,True,False,CMF_REGISTRO_DIRECTORES
91041000,VIÑA SAN PEDRO TARAPACA S.A.,7,7,0,0,True,100.0,0.0,100.0,80.0,True,100.0,0.0,True,15/04/2026,True,True,100.0,100.0,True,False,True,POST_LEY_SOBRE_UMBRAL_SUGERIDO,0.0,0.0,True,3;4;5;6;7;8;9;10;11;12;13;14;15;16;17;18;19;20;21;22;23;24;25,True,15/04/2026,0,CONSISTENTE,,CMF_REPORTE_LEY_21757_NCG555,CMF_REGISTRO_DIRECTORES,100.0,17/04/2024,True,False,CMF_REGISTRO_DIRECTORES
76493189,VOLCOMCAPITAL ADMINISTRADORA GENERAL DE FONDOS S.A.,5,5,0,0,True,100.0,0.0,100.0,80.0,True,100.0,0.0,True,29/04/2026,True,True,100.0,100.0,True,False,True,POST_LEY_SOBRE_UMBRAL_SUGERIDO,0.0,0.0,True,3;4;5;6;7;8;9;10;11;12;13;14;15;16;17;18;19;20;21;22;23;24;25,True,29/04/2026,0,CONSISTENTE,,CMF_REPORTE_LEY_21757_NCG555,CMF_REGISTRO_DIRECTORES,100.0,30/04/2025,True,False,CMF_REGISTRO_DIRECTORES
76838140,AZUL AZUL S.A.,11,10,1,0,True,90.9091,9.0909,90.9091,80.0,True,90.91,0.0009,True,28/04/2026,True,True,90.91,90.9091,True,False,True,POST_LEY_SOBRE_UMBRAL_SUGERIDO,-0.0009000000000014552,0.0009000000000014552,True,11;22,True,28/04/2026,0,CONSISTENTE,,CMF_REPORTE_LEY_21757_NCG555,CMF_REGISTRO_DIRECTORES,88.89,30/04/2025,True,False,CMF_REGISTRO_DIRECTORES
91044000,INMOBILIARIA ITALIANA S.A.,11,9,2,0,True,81.8182,18.1818,81.8182,80.0,True,90.91,9.0918,False,27/04/2024,False,False,90.91,81.8182,True,False,False,PRE_LEY_NO_EVALUABLE,-9.091799999999992,9.091799999999992,False,11;22,True,06/05/2015,-3279,POSIBLE_SNAPSHOT_DISTINTO,ALTA,CMF_REPORTE_LEY_21757_NCG555,CMF_REGISTRO_DIRECTORES,,,True,False,CMF_REGISTRO_DIRECTORES
90331000,CRISTALERIAS DE CHILE S.A.,10,9,1,0,True,90.0,10.0,90.0,80.0,True,90.0,0.0,True,07/04/2026,True,True,90.0,90.0,True,False,True,POST_LEY_SOBRE_UMBRAL_SUGERIDO,0.0,0.0,True,10;19;20;21,True,07/04/2026,0,CONSISTENTE,,CMF_REPORTE_LEY_21757_NCG555,CMF_REGISTRO_DIRECTORES,100.0,11/04/2023,True,False,CMF_REGISTRO_DIRECTORES
93628000,MOLIBDENOS Y METALES S. A.,10,9,1,0,True,90.0,10.0,90.0,80.0,True,90.0,0.0,True,13/04/2026,True,True,90.0,90.0,True,False,True,POST_LEY_SOBRE_UMBRAL_SUGERIDO,0.0,0.0,True,10;19;20;21,True,13/04/2026,0,CONSISTENTE,,CMF_REPORTE_LEY_21757_NCG555,CMF_REGISTRO_DIRECTORES,90.0,16/04/2024,True,False,CMF_REGISTRO_DIRECTORES
90413000,COMPAÑIA CERVECERIAS UNIDAS S.A.,9,8,1,0,True,88.8889,11.1111,88.8889,80.0,True,89.0,0.1111,True,15/04/2026,True,True,89.0,88.8889,True,False,True,POST_LEY_SOBRE_UMBRAL_SUGERIDO,-0.11109999999999332,0.11109999999999332,True,9;18;19,True,01/08/2026,108,CONSISTENTE,,CMF_REPORTE_LEY_21757_NCG555,CMF_REGISTRO_DIRECTORES,100.0,17/04/2024,True,False,CMF_REGISTRO_DIRECTORES
96556310,ANTARCHILE S.A.,9,8,1,0,True,88.8889,11.1111,88.8889,80.0,True,88.89,0.0011,True,30/04/2026,True,True,88.89,88.8889,True,False,True,POST_LEY_SOBRE_UMBRAL_SUGERIDO,-0.0010999999999938836,0.0010999999999938836,True,9;18,True,08/05/2026,8,CONSISTENTE,,CMF_REPORTE_LEY_21757_NCG555,CMF_REGISTRO_DIRECTORES,85.71,05/05/2023,True,False,CMF_REGISTRO_DIRECTORES
97080000,BANCO BICE,9,8,1,0,True,88.8889,11.1111,88.8889,80.0,True,88.89,0.0011,True,02/04/2025,False,False,88.89,88.8889,True,False,False,PRE_LEY_NO_EVALUABLE,-0.0010999999999938836,0.0010999999999938836,True,9;18,True,30/04/2010,-5451,CONSISTENTE,,CMF_REPORTE_LEY_21757_NCG555,CMF_REGISTRO_DIRECTORES,,,True,False,CMF_REGISTRO_DIRECTORES
97011000,BANCO INTERNACIONAL,8,8,0,0,True,100.0,0.0,100.0,80.0,True,88.89,11.11,False,28/04/2026,True,True,88.89,100.0,True,False,True,POST_LEY_SOBRE_UMBRAL_SUGERIDO,11.11,11.11,False,9;18,False,25/03/2009,-6243,DISCORDANCIA_DENOMINADOR,ALTA,CMF_REPORTE_LEY_21757_NCG555,CMF_REGISTRO_DIRECTORES,88.89,25/04/2023,True,False,CMF_REGISTRO_DIRECTORES
97947000,BANCO RIPLEY,7,7,0,0,True,100.0,0.0,100.0,80.0,True,88.89,11.11,False,29/04/2024,False,False,88.89,100.0,True,False,False,PRE_LEY_NO_EVALUABLE,11.11,11.11,False,9;18,False,17/04/2009,-5491,DISCORDANCIA_DENOMINADOR,ALTA,CMF_REPORTE_LEY_21757_NCG555,CMF_REGISTRO_DIRECTORES,,,True,False,CMF_REGISTRO_DIRECTORES
96656410,BICE VIDA COMPAÑIA DE SEGUROS S.A.,9,8,1,0,True,88.8889,11.1111,88.8889,80.0,True,88.89,0.0011,True,14/04/2026,True,True,88.89,88.8889,True,False,True,POST_LEY_SOBRE_UMBRAL_SUGERIDO,-0.0010999999999938836,0.0010999999999938836,True,9;18,True,14/04/2026,0,CONSISTENTE,,CMF_REPORTE_LEY_21757_NCG555,CMF_REGISTRO_DIRECTORES,88.89,27/03/2025,True,False,CMF_REGISTRO_DIRECTORES
99589230,BLANCO Y NEGRO S.A.,9,8,1,0,True,88.8889,11.1111,88.8889,80.0,True,88.89,0.0011,True,29/04/2026,True,True,88.89,88.8889,True,False,True,POST_LEY_SOBRE_UMBRAL_SUGERIDO,-0.0010999999999938836,0.0010999999999938836,True,9;18,True,28/04/2026,-1,CONSISTENTE,,CMF_REPORTE_LEY_21757_NCG555,CMF_REGISTRO_DIRECTORES,100.0,28/04/2025,True,False,CMF_REGISTRO_DIRECTORES
96551730,"BOLSA ELECTRONICA DE CHILE, BOLSA DE VALORES",9,8,1,0,True,88.8889,11.1111,88.8889,80.0,True,88.89,0.0011,True,23/04/2025,False,False,88.89,88.8889,True,False,False,PRE_LEY_NO_EVALUABLE,-0.0010999999999938836,0.0010999999999938836,True,9;18,True,25/04/2023,-729,CONSISTENTE,,CMF_REPORTE_LEY_21757_NCG555,CMF_REGISTRO_DIRECTORES,,,True,False,CMF_REGISTRO_DIRECTORES
90212000,CLUB HIPICO DE SANTIAGO S.A.,9,8,1,0,True,88.8889,11.1111,88.8889,80.0,True,88.89,0.0011,True,24/04/2024,False,False,88.89,88.8889,True,False,False,PRE_LEY_NO_EVALUABLE,-0.0010999999999938836,0.0010999999999938836,True,9;18,True,24/04/2024,0,CONSISTENTE,,CMF_REPORTE_LEY_21757_NCG555,CMF_REGISTRO_DIRECTORES,,,True,False,CMF_REGISTRO_DIRECTORES
91237000,FERIA DE OSORNO S.A.,7,6,1,0,True,85.7143,14.2857,85.7143,80.0,True,88.89,3.1757,False,08/07/2025,False,False,88.89,85.7143,True,False,False,PRE_LEY_NO_EVALUABLE,-3.175700000000006,3.175700000000006,False,9;18,False,29/04/2022,-1166,DISCORDANCIA_DENOMINADOR,ALTA,CMF_REPORTE_LEY_21757_NCG555,CMF_REGISTRO_DIRECTORES,,,True,False,CMF_REGISTRO_DIRECTORES
95134000,GRUPO EMPRESAS NAVIERAS S.A.,9,8,1,0,True,88.8889,11.1111,88.8889,80.0,True,88.89,0.0011,True,12/04/2024,False,False,88.89,88.8889,True,False,False,PRE_LEY_NO_EVALUABLE,-0.0010999999999938836,0.0010999999999938836,True,9;18,True,25/04/2024,13,CONSISTENTE,,CMF_REPORTE_LEY_21757_NCG555,CMF_REGISTRO_DIRECTORES,,,True,False,CMF_REGISTRO_DIRECTORES
89862200,LATAM AIRLINES GROUP S.A.,9,8,1,0,True,88.8889,11.1111,88.8889,80.0,True,88.89,0.0011,True,23/04/2026,True,True,88.89,88.8889,True,False,True,POST_LEY_SOBRE_UMBRAL_SUGERIDO,-0.0010999999999938836,0.0010999999999938836,True,9;18,True,23/04/2026,0,CONSISTENTE,,CMF_REPORTE_LEY_21757_NCG555,CMF_REGISTRO_DIRECTORES,87.5,25/04/2024,True,False,CMF_REGISTRO_DIRECTORES
94627000,PARQUE ARAUCO S.A.,9,8,1,0,True,88.8889,11.1111,88.8889,80.0,True,88.89,0.0011,True,15/04/2026,True,True,88.89,88.8889,True,False,True,POST_LEY_SOBRE_UMBRAL_SUGERIDO,-0.0010999999999938836,0.0010999999999938836,True,9;18,True,15/04/2026,0,CONSISTENTE,,CMF_REPORTE_LEY_21757_NCG555,CMF_REGISTRO_DIRECTORES,88.89,26/04/2023,True,False,CMF_REGISTRO_DIRECTORES
92412000,SOCIEDAD ANONIMA DE DEPORTES CACHAGUA,9,8,1,0,True,88.8889,11.1111,88.8889,80.0,True,88.89,0.0011,True,28/06/2024,False,False,88.89,88.8889,True,False,False,PRE_LEY_NO_EVALUABLE,-0.0010999999999938836,0.0010999999999938836,True,9;18,True,28/06/2024,0,CONSISTENTE,,CMF_REPORTE_LEY_21757_NCG555,CMF_REGISTRO_DIRECTORES,,,True,False,CMF_REGISTRO_DIRECTORES
77513781,ADMINISTRADORA AMERICANA DE INVERSIONES S.A.,8,7,1,0,True,87.5,12.5,87.5,80.0,True,88.0,0.5,True,28/04/2026,True,True,88.0,87.5,True,False,True,POST_LEY_SOBRE_UMBRAL_SUGERIDO,-0.5,0.5,True,8;16;17;24;25,True,28/04/2026,0,CONSISTENTE,,CMF_REPORTE_LEY_21757_NCG555,CMF_REGISTRO_DIRECTORES,86.0,30/04/2024,True,False,CMF_REGISTRO_DIRECTORES
76017019,PLAZA S.A.,8,7,1,0,True,87.5,12.5,87.5,80.0,True,88.0,0.5,True,22/04/2025,False,False,88.0,87.5,True,False,False,PRE_LEY_NO_EVALUABLE,-0.5,0.5,True,8;16;17;24;25,True,22/04/2025,0,CONSISTENTE,,CMF_REPORTE_LEY_21757_NCG555,CMF_REGISTRO_DIRECTORES,,,True,False,CMF_REGISTRO_DIRECTORES
91705000,QUIÑENCO S.A.,8,7,1,0,True,87.5,12.5,87.5,80.0,True,88.0,0.5,True,29/04/2026,True,True,88.0,87.5,True,False,True,POST_LEY_SOBRE_UMBRAL_SUGERIDO,-0.5,0.5,True,8;16;17;24;25,True,07/05/2026,8,CONSISTENTE,,CMF_REPORTE_LEY_21757_NCG555,CMF_REGISTRO_DIRECTORES,88.0,26/04/2024,True,False,CMF_REGISTRO_DIRECTORES
98001200,ADMINISTRADORA DE FONDOS DE PENSIONES PLANVITAL S.A.,8,7,1,0,True,87.5,12.5,87.5,80.0,True,87.5,0.0,True,15/10/2024,False,False,87.5,87.5,True,False,False,PRE_LEY_NO_EVALUABLE,0.0,0.0,True,8;16;24,True,15/10/2024,0,CONSISTENTE,,CMF_REPORTE_LEY_21757_NCG555,CMF_REGISTRO_DIRECTORES,,,True,False,CMF_REGISTRO_DIRECTORES
93007000,SOCIEDAD QUIMICA Y MINERA DE CHILE S.A.,8,7,1,0,True,87.5,12.5,87.5,80.0,True,87.5,0.0,True,24/04/2025,False,False,87.5,87.5,True,False,False,PRE_LEY_NO_EVALUABLE,0.0,0.0,True,8;16;24,True,27/05/2025,33,CONSISTENTE,,CMF_REPORTE_LEY_21757_NCG555,CMF_REGISTRO_DIRECTORES,,,True,False,CMF_REGISTRO_DIRECTORES
93281000,COCA COLA EMBONOR S.A.,7,6,1,0,True,85.7143,14.2857,85.7143,80.0,True,86.0,0.2857,True,24/04/2025,False,False,86.0,85.7143,True,False,False,PRE_LEY_NO_EVALUABLE,-0.2857000000000056,0.2857000000000056,True,7;14;21;22,True,24/04/2025,0,CONSISTENTE,,CMF_REPORTE_LEY_21757_NCG555,CMF_REGISTRO_DIRECTORES,,,True,False,CMF_REGISTRO_DIRECTORES
96885880,SALFACORP S.A.,7,6,1,0,True,85.7143,14.2857,85.7143,80.0,True,86.0,0.2857,True,11/04/2024,False,False,86.0,85.7143,True,False,False,PRE_LEY_NO_EVALUABLE,-0.2857000000000056,0.2857000000000056,True,7;14;21;22,True,26/05/2026,775,CONSISTENTE,,CMF_REPORTE_LEY_21757_NCG555,CMF_REGISTRO_DIRECTORES,,,True,False,CMF_REGISTRO_DIRECTORES
76418751,4 LIFE SEGUROS DE VIDA S.A.,7,6,1,0,True,85.7143,14.2857,85.7143,80.0,True,85.71,0.0043,True,30/04/2026,True,True,85.71,85.7143,True,False,True,POST_LEY_SOBRE_UMBRAL_SUGERIDO,0.004300000000000637,0.004300000000000637,True,7;14;21,True,28/04/2023,-1098,CONSISTENTE,,CMF_REPORTE_LEY_21757_NCG555,CMF_REGISTRO_DIRECTORES,85.71,30/04/2024,True,False,CMF_REGISTRO_DIRECTORES
76362099,BANCO BTG PACTUAL CHILE,0,0,0,0,False,,,,80.0,False,85.71,,,30/04/2026,True,False,85.71,,True,False,True,POST_LEY_SOBRE_UMBRAL_SUGERIDO,,,,7;14;21,,,,SIN_COMPOSICION_NOMINAL,,CMF_REPORTE_LEY_21757_NCG555,NO_PUBLICADA_EN_REGISTRO_NOMINAL,85.71,28/04/2023,True,False,NO_PUBLICADA_EN_REGISTRO_NOMINAL
97023000,BANCO ITAÚ CHILE,9,9,0,0,True,100.0,0.0,100.0,80.0,True,85.71,14.29,False,09/04/2026,True,True,85.71,100.0,True,False,True,POST_LEY_SOBRE_UMBRAL_SUGERIDO,14.290000000000006,14.290000000000006,False,7;14;21,False,28/09/2010,-5672,DISCORDANCIA_DENOMINADOR,ALTA,CMF_REPORTE_LEY_21757_NCG555,CMF_REGISTRO_DIRECTORES,100.0,20/04/2023,True,False,CMF_REGISTRO_DIRECTORES
96882560,BANVIDA S.A.,7,6,1,0,True,85.7143,14.2857,85.7143,80.0,True,85.71,0.0043,True,27/04/2026,True,True,85.71,85.7143,True,False,True,POST_LEY_SOBRE_UMBRAL_SUGERIDO,0.004300000000000637,0.004300000000000637,True,7;14;21,True,27/04/2026,0,CONSISTENTE,,CMF_REPORTE_LEY_21757_NCG555,CMF_REGISTRO_DIRECTORES,100.0,27/04/2023,True,False,CMF_REGISTRO_DIRECTORES
92434000,BESALCO S.A.,7,6,1,0,True,85.7143,14.2857,85.7143,80.0,True,85.71,0.0043,True,23/04/2025,False,False,85.71,85.7143,True,False,False,PRE_LEY_NO_EVALUABLE,0.004300000000000637,0.004300000000000637,True,7;14;21,True,23/04/2025,0,CONSISTENTE,,CMF_REPORTE_LEY_21757_NCG555,CMF_REGISTRO_DIRECTORES,,,True,False,CMF_REGISTRO_DIRECTORES
76143636,CAROZZI S.A.,7,6,1,0,True,85.7143,14.2857,85.7143,80.0,True,85.71,0.0043,True,30/04/2024,False,False,85.71,85.7143,True,False,False,PRE_LEY_NO_EVALUABLE,0.004300000000000637,0.004300000000000637,True,7;14;21,True,30/04/2024,0,CONSISTENTE,,CMF_REPORTE_LEY_21757_NCG555,CMF_REGISTRO_DIRECTORES,,,True,False,CMF_REGISTRO_DIRECTORES
96572920,"CCLV, CONTRAPARTE CENTRAL S.A.",7,6,1,0,True,85.7143,14.2857,85.7143,80.0,True,85.71,0.0043,True,23/03/2026,True,True,85.71,85.7143,True,False,True,POST_LEY_SOBRE_UMBRAL_SUGERIDO,0.004300000000000637,0.004300000000000637,True,7;14;21,True,23/03/2026,0,CONSISTENTE,,CMF_REPORTE_LEY_21757_NCG555,CMF_REGISTRO_DIRECTORES,86.0,24/03/2025,True,False,CMF_REGISTRO_DIRECTORES
91337000,CEMENTO POLPAICO S.A.,7,6,1,0,True,85.7143,14.2857,85.7143,80.0,True,85.71,0.0043,True,24/04/2026,True,True,85.71,85.7143,True,False,True,POST_LEY_SOBRE_UMBRAL_SUGERIDO,0.004300000000000637,0.004300000000000637,True,7;14;21,True,24/04/2026,0,CONSISTENTE,,CMF_REPORTE_LEY_21757_NCG555,CMF_REGISTRO_DIRECTORES,80.0,26/04/2024,True,False,CMF_REGISTRO_DIRECTORES
76433310,CENCOSUD SHOPPING S.A.,7,6,1,0,True,85.7143,14.2857,85.7143,80.0,True,85.71,0.0043,True,25/04/2024,False,False,85.71,85.7143,True,False,False,PRE_LEY_NO_EVALUABLE,0.004300000000000637,0.004300000000000637,True,7;14;21,True,23/04/2026,728,CONSISTENTE,,CMF_REPORTE_LEY_21757_NCG555,CMF_REGISTRO_DIRECTORES,,,True,False,CMF_REGISTRO_DIRECTORES
76408757,COLMENA COMPAÑIA DE SEGUROS DE VIDA S.A.,7,6,1,0,True,85.7143,14.2857,85.7143,80.0,True,85.71,0.0043,True,09/04/2025,False,False,85.71,85.7143,True,False,False,PRE_LEY_NO_EVALUABLE,0.004300000000000637,0.004300000000000637,True,7;14;21,True,03/08/2022,-980,CONSISTENTE,,CMF_REPORTE_LEY_21757_NCG555,CMF_REGISTRO_DIRECTORES,,,True,False,CMF_REGISTRO_DIRECTORES
96571890,COMPAÑIA DE SEGUROS CONFUTURO S.A.,7,6,1,0,True,85.7143,14.2857,85.7143,80.0,True,85.71,0.0043,True,29/04/2026,True,True,85.71,85.7143,True,False,True,POST_LEY_SOBRE_UMBRAL_SUGERIDO,0.004300000000000637,0.004300000000000637,True,7;14;21,True,29/04/2026,0,CONSISTENTE,,CMF_REPORTE_LEY_21757_NCG555,CMF_REGISTRO_DIRECTORES,85.71,23/04/2025,True,False,CMF_REGISTRO_DIRECTORES
90160000,COMPAÑIA SUD AMERICANA DE VAPORES S.A.,7,6,1,0,True,85.7143,14.2857,85.7143,80.0,True,85.71,0.0043,True,27/04/2026,True,True,85.71,85.7143,True,False,True,POST_LEY_SOBRE_UMBRAL_SUGERIDO,0.004300000000000637,0.004300000000000637,True,7;14;21,True,27/04/2026,0,CONSISTENTE,,CMF_REPORTE_LEY_21757_NCG555,CMF_REGISTRO_DIRECTORES,86.0,26/04/2024,True,False,CMF_REGISTRO_DIRECTORES
96761990,DUNCAN FOX S.A.,7,6,1,0,True,85.7143,14.2857,85.7143,80.0,True,85.71,0.0043,True,28/04/2025,False,False,85.71,85.7143,True,False,False,PRE_LEY_NO_EVALUABLE,0.004300000000000637,0.004300000000000637,True,7;14;21,True,28/04/2025,0,CONSISTENTE,,CMF_REPORTE_LEY_21757_NCG555,CMF_REGISTRO_DIRECTORES,,,True,False,CMF_REGISTRO_DIRECTORES
76005049,"ECHEVERRIA, IZQUIERDO S.A.",7,6,1,0,True,85.7143,14.2857,85.7143,80.0,True,85.71,0.0043,True,24/04/2025,False,False,85.71,85.7143,True,False,False,PRE_LEY_NO_EVALUABLE,0.004300000000000637,0.004300000000000637,True,7;14;21,True,24/04/2025,0,CONSISTENTE,,CMF_REPORTE_LEY_21757_NCG555,CMF_REGISTRO_DIRECTORES,,,True,False,CMF_REGISTRO_DIRECTORES
96947020,EMPRESAS HITES S.A.,7,6,1,0,True,85.7143,14.2857,85.7143,80.0,True,85.71,0.0043,True,25/04/2025,False,False,85.71,85.7143,True,False,False,PRE_LEY_NO_EVALUABLE,0.004300000000000637,0.004300000000000637,True,7;14;21,True,29/04/2025,4,CONSISTENTE,,CMF_REPORTE_LEY_21757_NCG555,CMF_REGISTRO_DIRECTORES,,,True,False,CMF_REGISTRO_DIRECTORES
96928510,EMPRESAS LIPIGAS S.A.,7,6,1,0,True,85.7143,14.2857,85.7143,80.0,True,85.71,0.0043,True,29/04/2026,True,True,85.71,85.7143,True,False,True,POST_LEY_SOBRE_UMBRAL_SUGERIDO,0.004300000000000637,0.004300000000000637,True,7;14;21,True,29/04/2026,0,CONSISTENTE,,CMF_REPORTE_LEY_21757_NCG555,CMF_REGISTRO_DIRECTORES,85.71,26/04/2023,True,False,CMF_REGISTRO_DIRECTORES
76309510,ENERGIA LATINA S.A.,7,6,1,0,True,85.7143,14.2857,85.7143,80.0,True,85.71,0.0043,True,28/04/2026,True,True,85.71,85.7143,True,False,True,POST_LEY_SOBRE_UMBRAL_SUGERIDO,0.004300000000000637,0.004300000000000637,True,7;14;21,True,28/04/2026,0,CONSISTENTE,,CMF_REPORTE_LEY_21757_NCG555,CMF_REGISTRO_DIRECTORES,85.71,25/04/2025,True,False,CMF_REGISTRO_DIRECTORES
96684580,FERROCARRIL DEL PACIFICO S.A.,7,6,1,0,True,85.7143,14.2857,85.7143,80.0,True,85.71,0.0043,True,22/04/2024,False,False,85.71,85.7143,True,False,False,PRE_LEY_NO_EVALUABLE,0.004300000000000637,0.004300000000000637,True,7;14;21,True,20/04/2026,728,CONSISTENTE,,CMF_REPORTE_LEY_21757_NCG555,CMF_REGISTRO_DIRECTORES,,,True,False,CMF_REGISTRO_DIRECTORES
77096952,FID CHILE SEGUROS GENERALES S.A.,8,7,1,0,True,87.5,12.5,87.5,80.0,True,85.71,1.79,False,17/04/2026,True,True,85.71,87.5,True,False,True,POST_LEY_SOBRE_UMBRAL_SUGERIDO,1.7900000000000063,1.7900000000000063,False,7;14;21,False,27/11/2025,-141,DISCORDANCIA_DENOMINADOR,ALTA,CMF_REPORTE_LEY_21757_NCG555,CMF_REGISTRO_DIRECTORES,85.71,28/03/2025,True,False,CMF_REGISTRO_DIRECTORES
86963200,FORUS S.A.,7,6,1,0,True,85.7143,14.2857,85.7143,80.0,True,85.71,0.0043,True,16/04/2025,False,False,85.71,85.7143,True,False,False,PRE_LEY_NO_EVALUABLE,0.004300000000000637,0.004300000000000637,True,7;14;21,True,16/04/2025,0,CONSISTENTE,,CMF_REPORTE_LEY_21757_NCG555,CMF_REGISTRO_DIRECTORES,,,True,False,CMF_REGISTRO_DIRECTORES
96512190,FRUTICOLA VICONTO S.A.,7,6,1,0,True,85.7143,14.2857,85.7143,80.0,True,85.71,0.0043,True,24/04/2024,False,False,85.71,85.7143,True,False,False,PRE_LEY_NO_EVALUABLE,0.004300000000000637,0.004300000000000637,True,7;14;21,True,24/04/2024,0,CONSISTENTE,,CMF_REPORTE_LEY_21757_NCG555,CMF_REGISTRO_DIRECTORES,,,True,False,CMF_REGISTRO_DIRECTORES
93737000,GTD MANQUEHUE S.A.,7,6,1,0,True,85.7143,14.2857,85.7143,80.0,True,85.71,0.0043,True,30/04/2026,True,True,85.71,85.7143,True,False,True,POST_LEY_SOBRE_UMBRAL_SUGERIDO,0.004300000000000637,0.004300000000000637,True,7;14;21,True,30/04/2026,0,CONSISTENTE,,CMF_REPORTE_LEY_21757_NCG555,CMF_REGISTRO_DIRECTORES,85.71,11/09/2024,True,False,CMF_REGISTRO_DIRECTORES
76016541,INGEVEC S.A.,7,6,1,0,True,85.7143,14.2857,85.7143,80.0,True,85.71,0.0043,True,29/04/2024,False,False,85.71,85.7143,True,False,False,PRE_LEY_NO_EVALUABLE,0.004300000000000637,0.004300000000000637,True,7;14;21,True,08/05/2024,9,CONSISTENTE,,CMF_REPORTE_LEY_21757_NCG555,CMF_REGISTRO_DIRECTORES,,,True,False,CMF_REGISTRO_DIRECTORES
91350000,INMOBILIARIA SANTIAGO WANDERERS S.A.,7,6,1,0,True,85.7143,14.2857,85.7143,80.0,True,85.71,0.0043,True,18/04/2025,False,False,85.71,85.7143,True,False,False,PRE_LEY_NO_EVALUABLE,0.004300000000000637,0.004300000000000637,True,7;14;21,True,29/03/2025,-20,CONSISTENTE,,CMF_REPORTE_LEY_21757_NCG555,CMF_REGISTRO_DIRECTORES,,,True,False,CMF_REGISTRO_DIRECTORES
93470000,INMOBILIARIA YUGOSLAVA SOCIEDAD ANONIMA,7,6,1,0,True,85.7143,14.2857,85.7143,80.0,True,85.71,0.0043,True,28/04/2024,False,False,85.71,85.7143,True,False,False,PRE_LEY_NO_EVALUABLE,0.004300000000000637,0.004300000000000637,True,7;14;21,True,28/04/2024,0,CONSISTENTE,,CMF_REPORTE_LEY_21757_NCG555,CMF_REGISTRO_DIRECTORES,,,True,False,CMF_REGISTRO_DIRECTORES
96708470,INVERCAP S.A.,7,6,1,0,True,85.7143,14.2857,85.7143,80.0,True,85.71,0.0043,True,15/04/2026,True,True,85.71,85.7143,True,False,True,POST_LEY_SOBRE_UMBRAL_SUGERIDO,0.004300000000000637,0.004300000000000637,True,7;14;21,True,15/04/2026,0,CONSISTENTE,,CMF_REPORTE_LEY_21757_NCG555,CMF_REGISTRO_DIRECTORES,71.43,04/11/2024,True,False,CMF_REGISTRO_DIRECTORES
91643000,INVERSIONES NUTRAVALOR S.A.,7,6,1,0,True,85.7143,14.2857,85.7143,80.0,True,85.71,0.0043,True,25/04/2024,False,False,85.71,85.7143,True,False,False,PRE_LEY_NO_EVALUABLE,0.004300000000000637,0.004300000000000637,True,7;14;21,True,02/05/2024,7,CONSISTENTE,,CMF_REPORTE_LEY_21757_NCG555,CMF_REGISTRO_DIRECTORES,,,True,False,CMF_REGISTRO_DIRECTORES
94082000,INVERSIONES SIEMEL S.A.,7,6,1,0,True,85.7143,14.2857,85.7143,80.0,True,85.71,0.0043,True,24/04/2025,False,False,85.71,85.7143,True,False,False,PRE_LEY_NO_EVALUABLE,0.004300000000000637,0.004300000000000637,True,7;14;21,True,24/04/2025,0,CONSISTENTE,,CMF_REPORTE_LEY_21757_NCG555,CMF_REGISTRO_DIRECTORES,,,True,False,CMF_REGISTRO_DIRECTORES
76672100,MULTIEXPORT FOODS S.A.,7,6,1,0,True,85.7143,14.2857,85.7143,80.0,True,85.71,0.0043,True,23/04/2025,False,False,85.71,85.7143,True,False,False,PRE_LEY_NO_EVALUABLE,0.004300000000000637,0.004300000000000637,True,7;14;21,True,23/04/2025,0,CONSISTENTE,,CMF_REPORTE_LEY_21757_NCG555,CMF_REGISTRO_DIRECTORES,,,True,False,CMF_REGISTRO_DIRECTORES
76488180,PAZ CORP S.A.,7,6,1,0,True,85.7143,14.2857,85.7143,80.0,True,85.71,0.0043,True,28/04/2026,True,True,85.71,85.7143,True,False,True,POST_LEY_SOBRE_UMBRAL_SUGERIDO,0.004300000000000637,0.004300000000000637,True,7;14;21,True,26/05/2025,-337,CONSISTENTE,,CMF_REPORTE_LEY_21757_NCG555,CMF_REGISTRO_DIRECTORES,85.71,29/04/2025,True,False,CMF_REGISTRO_DIRECTORES
96602640,PUERTO VENTANAS S.A.,7,6,1,0,True,85.7143,14.2857,85.7143,80.0,True,85.71,0.0043,True,23/04/2024,False,False,85.71,85.7143,True,False,False,PRE_LEY_NO_EVALUABLE,0.004300000000000637,0.004300000000000637,True,7;14;21,True,23/04/2024,0,CONSISTENTE,,CMF_REPORTE_LEY_21757_NCG555,CMF_REGISTRO_DIRECTORES,,,True,False,CMF_REGISTRO_DIRECTORES
76065596,SALMONES CAMANCHACA S.A.,7,6,1,0,True,85.7143,14.2857,85.7143,80.0,True,85.71,0.0043,True,30/04/2026,True,True,85.71,85.7143,True,False,True,POST_LEY_SOBRE_UMBRAL_SUGERIDO,0.004300000000000637,0.004300000000000637,True,7;14;21,True,30/04/2026,0,CONSISTENTE,,CMF_REPORTE_LEY_21757_NCG555,CMF_REGISTRO_DIRECTORES,85.71,21/04/2023,True,False,CMF_REGISTRO_DIRECTORES
96766600,SCHWAGER S.A.,7,6,1,0,True,85.7143,14.2857,85.7143,80.0,True,85.71,0.0043,True,26/04/2024,False,False,85.71,85.7143,True,False,False,PRE_LEY_NO_EVALUABLE,0.004300000000000637,0.004300000000000637,True,7;14;21,True,26/04/2024,0,CONSISTENTE,,CMF_REPORTE_LEY_21757_NCG555,CMF_REGISTRO_DIRECTORES,,,True,False,CMF_REGISTRO_DIRECTORES
91262000,SOCIEDAD DE DEPORTES PALESTINA S.A.,14,12,2,0,True,85.7143,14.2857,85.7143,80.0,True,85.71,0.0043,True,25/04/2024,False,False,85.71,85.7143,True,False,False,PRE_LEY_NO_EVALUABLE,0.004300000000000637,0.004300000000000637,True,7;14;21,True,25/04/2024,0,CONSISTENTE,,CMF_REPORTE_LEY_21757_NCG555,CMF_REGISTRO_DIRECTORES,,,True,False,CMF_REGISTRO_DIRECTORES
79768170,SOQUIMICH COMERCIAL S.A.,7,6,1,0,True,85.7143,14.2857,85.7143,80.0,True,85.71,0.0043,True,23/04/2025,False,False,85.71,85.7143,True,False,False,PRE_LEY_NO_EVALUABLE,0.004300000000000637,0.004300000000000637,True,7;14;21,True,23/04/2025,0,CONSISTENTE,,CMF_REPORTE_LEY_21757_NCG555,CMF_REGISTRO_DIRECTORES,,,True,False,CMF_REGISTRO_DIRECTORES
96942660,STADIO ITALIANO DI CONCEPCION S.A.,7,6,1,0,True,85.7143,14.2857,85.7143,80.0,True,85.71,0.0043,True,28/04/2026,True,True,85.71,85.7143,True,False,True,POST_LEY_SOBRE_UMBRAL_SUGERIDO,0.004300000000000637,0.004300000000000637,True,7;14;21,True,24/04/2024,-734,CONSISTENTE,,CMF_REPORTE_LEY_21757_NCG555,CMF_REGISTRO_DIRECTORES,85.71,24/04/2024,True,False,CMF_REGISTRO_DIRECTORES
96512200,VIÑEDOS EMILIANA S.A.,7,6,1,0,True,85.7143,14.2857,85.7143,80.0,True,85.71,0.0043,True,28/04/2025,False,False,85.71,85.7143,True,False,False,PRE_LEY_NO_EVALUABLE,0.004300000000000637,0.004300000000000637,True,7;14;21,True,28/04/2026,365,CONSISTENTE,,CMF_REPORTE_LEY_21757_NCG555,CMF_REGISTRO_DIRECTORES,,,True,False,CMF_REGISTRO_DIRECTORES
76061223,ZENIT SEGUROS GENERALES S.A.,7,7,0,0,True,100.0,0.0,100.0,80.0,True,85.71,14.29,False,10/04/2025,False,False,85.71,100.0,True,False,False,PRE_LEY_NO_EVALUABLE,14.290000000000006,14.290000000000006,False,7;14;21,True,28/07/2026,474,DISCORDANCIA_COMPOSICION,MEDIA,CMF_REPORTE_LEY_21757_NCG555,CMF_REGISTRO_DIRECTORES,,,True,False,CMF_REGISTRO_DIRECTORES
76598625,ASEGURADORA PORVENIR S.A.,6,5,1,0,True,83.3333,16.6667,83.3333,80.0,True,83.33,0.0033,True,31/12/2025,False,False,83.33,83.3333,True,False,False,PRE_LEY_NO_EVALUABLE,0.003299999999995862,0.003299999999995862,True,6;12;18;24,True,31/07/2025,-153,CONSISTENTE,,CMF_REPORTE_LEY_21757_NCG555,CMF_REGISTRO_DIRECTORES,,,True,False,CMF_REGISTRO_DIRECTORES
76015592,CESCE CHILE ASEGURADORA S.A.,6,5,1,0,True,83.3333,16.6667,83.3333,80.0,True,83.33,0.0033,True,29/04/2023,False,False,83.33,83.3333,True,False,False,PRE_LEY_NO_EVALUABLE,0.003299999999995862,0.003299999999995862,True,6;12;18;24,True,31/05/2022,-333,CONSISTENTE,,CMF_REPORTE_LEY_21757_NCG555,CMF_REGISTRO_DIRECTORES,,,True,False,CMF_REGISTRO_DIRECTORES
99003000,COMPAÑIA DE SEGUROS DE VIDA CAMARA S.A.,6,5,1,0,True,83.3333,16.6667,83.3333,80.0,True,83.33,0.0033,True,20/04/2026,True,True,83.33,83.3333,True,False,True,POST_LEY_SOBRE_UMBRAL_SUGERIDO,0.003299999999995862,0.003299999999995862,True,6;12;18;24,True,20/04/2026,0,CONSISTENTE,,CMF_REPORTE_LEY_21757_NCG555,CMF_REGISTRO_DIRECTORES,83.33,04/07/2025,True,False,CMF_REGISTRO_DIRECTORES
76632553,SEGUROS DE VIDA Y SALUD UC CHRISTUS S.A.,6,5,1,0,True,83.3333,16.6667,83.3333,80.0,True,83.33,0.0033,True,30/04/2026,True,True,83.33,83.3333,True,False,True,POST_LEY_SOBRE_UMBRAL_SUGERIDO,0.003299999999995862,0.003299999999995862,True,6;12;18;24,True,30/04/2026,0,CONSISTENTE,,CMF_REPORTE_LEY_21757_NCG555,CMF_REGISTRO_DIRECTORES,83.33,30/04/2025,True,False,CMF_REGISTRO_DIRECTORES
76762250,ADMINISTRADORA DE FONDOS DE PENSIONES MODELO S.A.,5,4,1,0,True,80.0,20.0,80.0,80.0,False,80.0,0.0,True,30/04/2026,True,False,80.0,80.0,False,True,False,POST_LEY_DENTRO_UMBRAL_SUGERIDO,0.0,0.0,True,5;10;15;20;25,True,30/04/2026,0,CONSISTENTE,,CMF_REPORTE_LEY_21757_NCG555,CMF_REGISTRO_DIRECTORES,80.0,30/04/2024,False,True,CMF_REGISTRO_DIRECTORES
76265736,ADMINISTRADORA DE FONDOS DE PENSIONES PROVIDA S.A.,5,4,1,0,True,80.0,20.0,80.0,80.0,False,80.0,0.0,True,30/04/2025,False,False,80.0,80.0,False,True,False,PRE_LEY_NO_EVALUABLE,0.0,0.0,True,5;10;15;20;25,True,30/04/2025,0,CONSISTENTE,,CMF_REPORTE_LEY_21757_NCG555,CMF_REGISTRO_DIRECTORES,,,False,True,CMF_REGISTRO_DIRECTORES
76036521,ADMINISTRADORA GENERAL DE FONDOS SURA S.A.,5,4,1,0,True,80.0,20.0,80.0,80.0,False,80.0,0.0,True,26/04/2024,False,False,80.0,80.0,False,True,False,PRE_LEY_NO_EVALUABLE,0.0,0.0,True,5;10;15;20;25,True,27/04/2026,731,CONSISTENTE,,CMF_REPORTE_LEY_21757_NCG555,CMF_REGISTRO_DIRECTORES,,,False,True,CMF_REGISTRO_DIRECTORES
76212519,ASSURANT CHILE COMPAÑIA DE SEGUROS GENERALES S.A.,5,4,1,0,True,80.0,20.0,80.0,80.0,False,80.0,0.0,True,30/12/2025,False,False,80.0,80.0,False,True,False,PRE_LEY_NO_EVALUABLE,0.0,0.0,True,5;10;15;20;25,True,01/01/2026,2,CONSISTENTE,,CMF_REPORTE_LEY_21757_NCG555,CMF_REGISTRO_DIRECTORES,,,False,True,CMF_REGISTRO_DIRECTORES
76632384,AUGUSTAR SEGUROS DE VIDA S.A.,5,4,1,0,True,80.0,20.0,80.0,80.0,False,80.0,0.0,True,18/08/2025,False,False,80.0,80.0,False,True,False,PRE_LEY_NO_EVALUABLE,0.0,0.0,True,5;10;15;20;25,True,01/08/2026,348,CONSISTENTE,,CMF_REPORTE_LEY_21757_NCG555,CMF_REGISTRO_DIRECTORES,,,False,True,CMF_REGISTRO_DIRECTORES
91126000,AUTOMOVILISMO Y TURISMO S.A.,5,4,1,0,True,80.0,20.0,80.0,80.0,False,80.0,0.0,True,30/04/2025,False,False,80.0,80.0,False,True,False,PRE_LEY_NO_EVALUABLE,0.0,0.0,True,5;10;15;20;25,True,30/04/2025,0,CONSISTENTE,,CMF_REPORTE_LEY_21757_NCG555,CMF_REGISTRO_DIRECTORES,,,False,True,CMF_REGISTRO_DIRECTORES
77324967,AVANTE ADMINISTRADORA GENERAL DE FONDOS S.A.,5,4,1,0,True,80.0,20.0,80.0,80.0,False,80.0,0.0,True,30/04/2026,True,False,80.0,80.0,False,True,False,POST_LEY_DENTRO_UMBRAL_SUGERIDO,0.0,0.0,True,5;10;15;20;25,True,30/04/2026,0,CONSISTENTE,,CMF_REPORTE_LEY_21757_NCG555,CMF_REGISTRO_DIRECTORES,,,False,True,CMF_REGISTRO_DIRECTORES
76363534,AVLA SEGUROS DE CREDITO Y GARANTIA S.A.,5,4,1,0,True,80.0,20.0,80.0,80.0,False,80.0,0.0,True,30/04/2025,False,False,80.0,80.0,False,True,False,PRE_LEY_NO_EVALUABLE,0.0,0.0,True,5;10;15;20;25,True,25/11/2021,-1252,CONSISTENTE,,CMF_REPORTE_LEY_21757_NCG555,CMF_REGISTRO_DIRECTORES,,,False,True,CMF_REGISTRO_DIRECTORES
76625125,BAASKIT PAGOS S.A.,0,0,0,0,False,,,,80.0,False,80.0,,,29/04/2024,False,False,80.0,,False,True,False,PRE_LEY_NO_EVALUABLE,,,,5;10;15;20;25,,,,SIN_COMPOSICION_NOMINAL,,CMF_REPORTE_LEY_21757_NCG555,NO_PUBLICADA_EN_REGISTRO_NOMINAL,,,False,True,NO_PUBLICADA_EN_REGISTRO_NOMINAL
96767630,BANCHILE ADMINISTRADORA GENERAL DE FONDOS S.A.,5,4,1,0,True,80.0,20.0,80.0,80.0,False,80.0,0.0,True,23/03/2026,True,False,80.0,80.0,False,True,False,POST_LEY_DENTRO_UMBRAL_SUGERIDO,0.0,0.0,True,5;10;15;20;25,True,23/03/2026,0,CONSISTENTE,,CMF_REPORTE_LEY_21757_NCG555,CMF_REGISTRO_DIRECTORES,80.0,24/03/2025,False,True,CMF_REGISTRO_DIRECTORES
76930984,BANCO INTERNACIONAL ADMINISTRADORA GENERAL DE FONDOS S.A.,5,4,1,0,True,80.0,20.0,80.0,80.0,False,80.0,0.0,True,24/04/2026,True,False,80.0,80.0,False,True,False,POST_LEY_DENTRO_UMBRAL_SUGERIDO,0.0,0.0,True,5;10;15;20;25,True,21/08/2026,119,CONSISTENTE,,CMF_REPORTE_LEY_21757_NCG555,CMF_REGISTRO_DIRECTORES,75.0,22/04/2024,False,True,CMF_REGISTRO_DIRECTORES
96530900,BCI ASSET MANAGEMENT ADMINISTRADORA GENERAL DE FONDOS S.A.,5,4,1,0,True,80.0,20.0,80.0,80.0,False,80.0,0.0,True,27/03/2026,True,False,80.0,80.0,False,True,False,POST_LEY_DENTRO_UMBRAL_SUGERIDO,0.0,0.0,True,5;10;15;20;25,True,27/03/2026,0,CONSISTENTE,,CMF_REPORTE_LEY_21757_NCG555,CMF_REGISTRO_DIRECTORES,75.0,31/03/2025,False,True,CMF_REGISTRO_DIRECTORES
96966250,BTG PACTUAL CHILE S.A. ADMINISTRADORA GENERAL DE FONDOS,5,4,1,0,True,80.0,20.0,80.0,80.0,False,80.0,0.0,True,29/04/2025,False,False,80.0,80.0,False,True,False,PRE_LEY_NO_EVALUABLE,0.0,0.0,True,5;10;15;20;25,True,29/04/2025,0,CONSISTENTE,,CMF_REPORTE_LEY_21757_NCG555,CMF_REGISTRO_DIRECTORES,,,False,True,CMF_REGISTRO_DIRECTORES
76282191,BUPA COMPAÑIA DE SEGUROS DE VIDA S.A.,5,4,1,0,True,80.0,20.0,80.0,80.0,False,80.0,0.0,True,27/04/2023,False,False,80.0,80.0,False,True,False,PRE_LEY_NO_EVALUABLE,0.0,0.0,True,5;10;15;20;25,True,23/07/2026,1183,CONSISTENTE,,CMF_REPORTE_LEY_21757_NCG555,CMF_REGISTRO_DIRECTORES,,,False,True,CMF_REGISTRO_DIRECTORES
76435792,CAPITAL ADVISORS ADMINISTRADORA GENERAL DE FONDOS S.A.,5,4,1,0,True,80.0,20.0,80.0,80.0,False,80.0,0.0,True,24/04/2026,True,False,80.0,80.0,False,True,False,POST_LEY_DENTRO_UMBRAL_SUGERIDO,0.0,0.0,True,5;10;15;20;25,True,24/04/2026,0,CONSISTENTE,,CMF_REPORTE_LEY_21757_NCG555,CMF_REGISTRO_DIRECTORES,80.0,21/04/2023,False,True,CMF_REGISTRO_DIRECTORES
77465741,CGE TRANSMISION S.A.,5,5,0,0,True,100.0,0.0,100.0,80.0,True,80.0,20.0,False,22/04/2026,True,True,80.0,100.0,False,True,False,POST_LEY_DENTRO_UMBRAL_SUGERIDO,20.0,20.0,False,5;10;15;20;25,True,30/04/2026,8,DISCORDANCIA_COMPOSICION,ALTA,CMF_REPORTE_LEY_21757_NCG555,CMF_REGISTRO_DIRECTORES,80.0,21/04/2023,False,True,CMF_REGISTRO_DIRECTORES
99588060,CHUBB SEGUROS DE VIDA CHILE S.A.,5,1,4,0,True,20.0,80.0,80.0,80.0,False,80.0,0.0,True,30/04/2025,False,False,80.0,80.0,False,True,False,PRE_LEY_NO_EVALUABLE,0.0,0.0,True,5;10;15;20;25,True,30/04/2025,0,CONSISTENTE,,CMF_REPORTE_LEY_21757_NCG555,CMF_REGISTRO_DIRECTORES,,,False,True,CMF_REGISTRO_DIRECTORES
95358000,COLEGIO CRAIGHOUSE S.A.,5,4,1,0,True,80.0,20.0,80.0,80.0,False,80.0,0.0,True,18/04/2023,False,False,80.0,80.0,False,True,False,PRE_LEY_NO_EVALUABLE,0.0,0.0,True,5;10;15;20;25,True,18/04/2023,0,CONSISTENTE,,CMF_REPORTE_LEY_21757_NCG555,CMF_REGISTRO_DIRECTORES,,,False,True,CMF_REGISTRO_DIRECTORES
96831690,COMPA#IA DE SEGUROS DE CREDITOS COFACE CHILE S.A.,1,0,1,0,True,0.0,100.0,100.0,80.0,True,80.0,20.0,False,30/04/2025,False,False,80.0,100.0,False,True,False,PRE_LEY_NO_EVALUABLE,20.0,20.0,False,5;10;15;20;25,False,01/09/2026,489,DISCORDANCIA_DENOMINADOR,ALTA,CMF_REPORTE_LEY_21757_NCG555,CMF_REGISTRO_DIRECTORES,,,False,True,CMF_REGISTRO_DIRECTORES
76039758,COMPAÑIA DE SEGUROS GENERALES CONTINENTAL S.A.,5,4,1,0,True,80.0,20.0,80.0,80.0,False,80.0,0.0,True,26/04/2024,False,False,80.0,80.0,False,True,False,PRE_LEY_NO_EVALUABLE,0.0,0.0,True,5;10;15;20;25,True,26/04/2024,0,CONSISTENTE,,CMF_REPORTE_LEY_21757_NCG555,CMF_REGISTRO_DIRECTORES,,,False,True,CMF_REGISTRO_DIRECTORES
91344000,COMPAÑIA ELECTRICA DEL LITORAL S.A.,5,4,1,0,True,80.0,20.0,80.0,80.0,False,80.0,0.0,True,23/04/2026,True,False,80.0,80.0,False,True,False,POST_LEY_DENTRO_UMBRAL_SUGERIDO,0.0,0.0,True,5;10;15;20;25,True,24/04/2026,1,CONSISTENTE,,CMF_REPORTE_LEY_21757_NCG555,CMF_REGISTRO_DIRECTORES,100.0,24/04/2025,False,True,CMF_REGISTRO_DIRECTORES
76411321,COMPAÑIA GENERAL DE ELECTRICIDAD S.A.,5,5,0,0,True,100.0,0.0,100.0,80.0,True,80.0,20.0,False,22/04/2026,True,True,80.0,100.0,False,True,False,POST_LEY_DENTRO_UMBRAL_SUGERIDO,20.0,20.0,False,5;10;15;20;25,True,30/04/2026,8,DISCORDANCIA_COMPOSICION,ALTA,CMF_REPORTE_LEY_21757_NCG555,CMF_REGISTRO_DIRECTORES,80.0,21/04/2023,False,True,CMF_REGISTRO_DIRECTORES
77205281,DIVINA PASTORA SEGUROS DE VIDA S.A.,5,4,1,0,True,80.0,20.0,80.0,80.0,False,80.0,0.0,True,30/04/2025,False,False,80.0,80.0,False,True,False,PRE_LEY_NO_EVALUABLE,0.0,0.0,True,5;10;15;20;25,True,30/04/2025,0,CONSISTENTE,,CMF_REPORTE_LEY_21757_NCG555,CMF_REGISTRO_DIRECTORES,,,False,True,CMF_REGISTRO_DIRECTORES
96504980,EMPRESA ELECTRICA PEHUENCHE S.A.,5,4,1,0,True,80.0,20.0,80.0,80.0,False,80.0,0.0,True,24/04/2026,True,False,80.0,80.0,False,True,False,POST_LEY_DENTRO_UMBRAL_SUGERIDO,0.0,0.0,True,5;10;15;20;25,True,24/04/2026,0,CONSISTENTE,,CMF_REPORTE_LEY_21757_NCG555,CMF_REGISTRO_DIRECTORES,80.0,24/04/2025,False,True,CMF_REGISTRO_DIRECTORES
96766110,ENERGIA DE CASABLANCA S.A.,5,4,1,0,True,80.0,20.0,80.0,80.0,False,80.0,0.0,True,23/04/2026,True,False,80.0,80.0,False,True,False,POST_LEY_DENTRO_UMBRAL_SUGERIDO,0.0,0.0,True,5;10;15;20;25,True,24/04/2026,1,CONSISTENTE,,CMF_REPORTE_LEY_21757_NCG555,CMF_REGISTRO_DIRECTORES,100.0,24/04/2025,False,True,CMF_REGISTRO_DIRECTORES
76336511,FINASSET ADMINISTRADORA GENERAL DE FONDOS S.A.,5,4,1,0,True,80.0,20.0,80.0,80.0,False,80.0,0.0,True,29/04/2026,True,False,80.0,80.0,False,True,False,POST_LEY_DENTRO_UMBRAL_SUGERIDO,0.0,0.0,True,5;10;15;20;25,True,27/05/2026,28,CONSISTENTE,,CMF_REPORTE_LEY_21757_NCG555,CMF_REGISTRO_DIRECTORES,75.0,29/04/2025,False,True,CMF_REGISTRO_DIRECTORES
77535416,FINTUAL PREPAGO S.A.,0,0,0,0,False,,,,80.0,False,80.0,,,30/04/2026,True,False,80.0,,False,True,False,POST_LEY_DENTRO_UMBRAL_SUGERIDO,,,,5;10;15;20;25,,,,SIN_COMPOSICION_NOMINAL,,CMF_REPORTE_LEY_21757_NCG555,NO_PUBLICADA_EN_REGISTRO_NOMINAL,80.0,30/04/2025,False,True,NO_PUBLICADA_EN_REGISTRO_NOMINAL
77096794,GLOBAL CARD S.A.,0,0,0,0,False,,,,80.0,False,80.0,,,17/10/2025,False,False,80.0,,False,True,False,PRE_LEY_NO_EVALUABLE,,,,5;10;15;20;25,,,,SIN_COMPOSICION_NOMINAL,,CMF_REPORTE_LEY_21757_NCG555,NO_PUBLICADA_EN_REGISTRO_NOMINAL,,,False,True,NO_PUBLICADA_EN_REGISTRO_NOMINAL
77729737,IGC S.A.,5,4,1,0,True,80.0,20.0,80.0,80.0,False,80.0,0.0,True,27/04/2026,True,False,80.0,80.0,False,True,False,POST_LEY_DENTRO_UMBRAL_SUGERIDO,0.0,0.0,True,5;10;15;20;25,True,27/04/2026,0,CONSISTENTE,,CMF_REPORTE_LEY_21757_NCG555,CMF_REGISTRO_DIRECTORES,,,False,True,CMF_REGISTRO_DIRECTORES
82038300,INMOBILIARIA CENTRAL DE ESTACIONAMIENTOS AGUSTINAS S.A.,5,4,1,0,True,80.0,20.0,80.0,80.0,False,80.0,0.0,True,25/04/2024,False,False,80.0,80.0,False,True,False,PRE_LEY_NO_EVALUABLE,0.0,0.0,True,5;10;15;20;25,True,26/04/2024,1,CONSISTENTE,,CMF_REPORTE_LEY_21757_NCG555,CMF_REGISTRO_DIRECTORES,,,False,True,CMF_REGISTRO_DIRECTORES
85325100,INVERSIONES Y TARJETAS S.A.,0,0,0,0,False,,,,80.0,False,80.0,,,30/04/2025,False,False,80.0,,False,True,False,PRE_LEY_NO_EVALUABLE,,,,5;10;15;20;25,,,,SIN_COMPOSICION_NOMINAL,,CMF_REPORTE_LEY_21757_NCG555,NO_PUBLICADA_EN_REGISTRO_NOMINAL,,,False,True,NO_PUBLICADA_EN_REGISTRO_NOMINAL
96980650,ITAU ADMINISTRADORA GENERAL DE FONDOS S.A.,5,4,1,0,True,80.0,20.0,80.0,80.0,False,80.0,0.0,True,23/04/2025,False,False,80.0,80.0,False,True,False,PRE_LEY_NO_EVALUABLE,0.0,0.0,True,5;10;15;20;25,True,23/04/2025,0,CONSISTENTE,,CMF_REPORTE_LEY_21757_NCG555,CMF_REGISTRO_DIRECTORES,,,False,True,CMF_REGISTRO_DIRECTORES
77597984,KUSHKI OPERADORA S.A.,0,0,0,0,False,,,,80.0,False,80.0,,,31/12/2025,False,False,80.0,,False,True,False,PRE_LEY_NO_EVALUABLE,,,,5;10;15;20;25,,,,SIN_COMPOSICION_NOMINAL,,CMF_REPORTE_LEY_21757_NCG555,NO_PUBLICADA_EN_REGISTRO_NOMINAL,,,False,True,NO_PUBLICADA_EN_REGISTRO_NOMINAL
78027718,LIBERTY MUTUAL SURETY SEGUROS CHILE S.A.,6,5,1,0,True,83.3333,16.6667,83.3333,80.0,True,80.0,3.3333,False,28/04/2026,True,True,80.0,83.3333,False,True,False,POST_LEY_DENTRO_UMBRAL_SUGERIDO,3.333299999999994,3.333299999999994,False,5;10;15;20;25,False,28/04/2026,0,DISCORDANCIA_DENOMINADOR,ALTA,CMF_REPORTE_LEY_21757_NCG555,CMF_REGISTRO_DIRECTORES,100.0,21/04/2025,False,True,CMF_REGISTRO_DIRECTORES
76963034,LINK CAPITAL PARTNERS ADMINISTRADORA GENERAL DE FONDOS S.A.,5,4,1,0,True,80.0,20.0,80.0,80.0,False,80.0,0.0,True,29/04/2026,True,False,80.0,80.0,False,True,False,POST_LEY_DENTRO_UMBRAL_SUGERIDO,0.0,0.0,True,5;10;15;20;25,True,29/04/2026,0,CONSISTENTE,,CMF_REPORTE_LEY_21757_NCG555,CMF_REGISTRO_DIRECTORES,100.0,18/04/2023,False,True,CMF_REGISTRO_DIRECTORES
77470446,LITORAL TRANSMISION S.A.,5,4,1,0,True,80.0,20.0,80.0,80.0,False,80.0,0.0,True,23/04/2026,True,False,80.0,80.0,False,True,False,POST_LEY_DENTRO_UMBRAL_SUGERIDO,0.0,0.0,True,5;10;15;20;25,True,24/04/2026,1,CONSISTENTE,,CMF_REPORTE_LEY_21757_NCG555,CMF_REGISTRO_DIRECTORES,100.0,24/04/2025,False,True,CMF_REGISTRO_DIRECTORES
96623540,MATIC KARD S.A.,0,0,0,0,False,,,,80.0,False,80.0,,,24/04/2025,False,False,80.0,,False,True,False,PRE_LEY_NO_EVALUABLE,,,,5;10;15;20;25,,,,SIN_COMPOSICION_NOMINAL,,CMF_REPORTE_LEY_21757_NCG555,NO_PUBLICADA_EN_REGISTRO_NOMINAL,,,False,True,NO_PUBLICADA_EN_REGISTRO_NOMINAL
99543100,MBI ADMINISTRADORA GENERAL DE FONDOS S.A.,4,3,1,0,True,75.0,25.0,75.0,80.0,False,80.0,5.0,False,28/04/2025,False,False,80.0,75.0,False,True,False,PRE_LEY_NO_EVALUABLE,-5.0,5.0,False,5;10;15;20;25,False,29/04/2026,366,DISCORDANCIA_DENOMINADOR,ALTA,CMF_REPORTE_LEY_21757_NCG555,CMF_REGISTRO_DIRECTORES,,,False,True,CMF_REGISTRO_DIRECTORES
77214066,MERCADO PAGO EMISORA S.A.,0,0,0,0,False,,,,80.0,False,80.0,,,14/06/2024,False,False,80.0,,False,True,False,PRE_LEY_NO_EVALUABLE,,,,5;10;15;20;25,,,,SIN_COMPOSICION_NOMINAL,,CMF_REPORTE_LEY_21757_NCG555,NO_PUBLICADA_EN_REGISTRO_NOMINAL,,,False,True,NO_PUBLICADA_EN_REGISTRO_NOMINAL
76516950,MERCADO PAGO OPERADORA S.A.,0,0,0,0,False,,,,80.0,False,80.0,,,14/06/2024,False,False,80.0,,False,True,False,PRE_LEY_NO_EVALUABLE,,,,5;10;15;20;25,,,,SIN_COMPOSICION_NOMINAL,,CMF_REPORTE_LEY_21757_NCG555,NO_PUBLICADA_EN_REGISTRO_NOMINAL,,,False,True,NO_PUBLICADA_EN_REGISTRO_NOMINAL
76042965,ORION SEGUROS GENERALES S.A.,5,4,1,0,True,80.0,20.0,80.0,80.0,False,80.0,0.0,True,27/03/2026,True,False,80.0,80.0,False,True,False,POST_LEY_DENTRO_UMBRAL_SUGERIDO,0.0,0.0,True,5;10;15;20;25,True,29/08/2025,-210,CONSISTENTE,,CMF_REPORTE_LEY_21757_NCG555,CMF_REGISTRO_DIRECTORES,75.0,28/03/2024,False,True,CMF_REGISTRO_DIRECTORES
76810563,ORSAN SEGUROS DE CREDITO Y GARANTIA S.A.,5,4,1,0,True,80.0,20.0,80.0,80.0,False,80.0,0.0,True,24/04/2025,False,False,80.0,80.0,False,True,False,PRE_LEY_NO_EVALUABLE,0.0,0.0,True,5;10;15;20;25,True,24/04/2025,0,CONSISTENTE,,CMF_REPORTE_LEY_21757_NCG555,CMF_REGISTRO_DIRECTORES,,,False,True,CMF_REGISTRO_DIRECTORES
77190661,PAGOS Y SERVICIOS S.A.,0,0,0,0,False,,,,80.0,False,80.0,,,25/04/2024,False,False,80.0,,False,True,False,PRE_LEY_NO_EVALUABLE,,,,5;10;15;20;25,,,,SIN_COMPOSICION_NOMINAL,,CMF_REPORTE_LEY_21757_NCG555,NO_PUBLICADA_EN_REGISTRO_NOMINAL,,,False,True,NO_PUBLICADA_EN_REGISTRO_NOMINAL
91999000,PRINCIPAL ASSET MANAGEMENT ADMINISTRADORA GENERAL DE FONDOS S.A.,5,4,1,0,True,80.0,20.0,80.0,80.0,False,80.0,0.0,True,30/04/2026,True,False,80.0,80.0,False,True,False,POST_LEY_DENTRO_UMBRAL_SUGERIDO,0.0,0.0,True,5;10;15;20;25,True,30/04/2026,0,CONSISTENTE,,CMF_REPORTE_LEY_21757_NCG555,CMF_REGISTRO_DIRECTORES,80.0,22/05/2025,False,True,CMF_REGISTRO_DIRECTORES
96588080,PRINCIPAL COMPAÑIA DE SEGUROS DE VIDA CHILE S.A.,5,3,2,0,True,60.0,40.0,60.0,80.0,False,80.0,20.0,False,01/09/2026,True,False,80.0,60.0,False,True,False,POST_LEY_DENTRO_UMBRAL_SUGERIDO,-20.0,20.0,False,5;10;15;20;25,True,01/09/2026,0,DISCORDANCIA_COMPOSICION,ALTA,CMF_REPORTE_LEY_21757_NCG555,CMF_REGISTRO_DIRECTORES,60.0,30/04/2026,False,True,CMF_REGISTRO_DIRECTORES
78340993,PRINCIPAL SEGUROS DE VIDA S.A.,5,4,1,0,True,80.0,20.0,80.0,80.0,False,80.0,0.0,True,26/12/2025,False,False,80.0,80.0,False,True,False,PRE_LEY_NO_EVALUABLE,0.0,0.0,True,5;10;15;20;25,True,26/12/2025,0,CONSISTENTE,,CMF_REPORTE_LEY_21757_NCG555,CMF_REGISTRO_DIRECTORES,,,False,True,CMF_REGISTRO_DIRECTORES
96852100,QUILICURA S.A.,5,4,1,0,True,80.0,20.0,80.0,80.0,False,80.0,0.0,True,09/04/2026,True,False,80.0,80.0,False,True,False,POST_LEY_DENTRO_UMBRAL_SUGERIDO,0.0,0.0,True,5;10;15;20;25,True,09/04/2026,0,CONSISTENTE,,CMF_REPORTE_LEY_21757_NCG555,CMF_REGISTRO_DIRECTORES,80.0,18/04/2023,False,True,CMF_REGISTRO_DIRECTORES
96785590,SANTANDER S.A. SOCIEDAD SECURITIZADORA,5,4,1,0,True,80.0,20.0,80.0,80.0,False,80.0,0.0,True,27/04/2026,True,False,80.0,80.0,False,True,False,POST_LEY_DENTRO_UMBRAL_SUGERIDO,0.0,0.0,True,5;10;15;20;25,True,27/04/2026,0,CONSISTENTE,,CMF_REPORTE_LEY_21757_NCG555,CMF_REGISTRO_DIRECTORES,80.0,21/04/2025,False,True,CMF_REGISTRO_DIRECTORES
96819300,SECURITIZADORA BICE S.A.,5,4,1,0,True,80.0,20.0,80.0,80.0,False,80.0,0.0,True,14/04/2026,True,False,80.0,80.0,False,True,False,POST_LEY_DENTRO_UMBRAL_SUGERIDO,0.0,0.0,True,5;10;15;20;25,True,15/07/2026,92,CONSISTENTE,,CMF_REPORTE_LEY_21757_NCG555,CMF_REGISTRO_DIRECTORES,80.0,19/03/2025,False,True,CMF_REGISTRO_DIRECTORES
96847360,SECURITIZADORA SECURITY S.A.,5,4,1,0,True,80.0,20.0,80.0,80.0,False,80.0,0.0,True,14/04/2026,True,False,80.0,80.0,False,True,False,POST_LEY_DENTRO_UMBRAL_SUGERIDO,0.0,0.0,True,5;10;15;20;25,True,14/04/2026,0,CONSISTENTE,,CMF_REPORTE_LEY_21757_NCG555,CMF_REGISTRO_DIRECTORES,80.0,19/03/2025,False,True,CMF_REGISTRO_DIRECTORES
76173632,SENSOR CAPITAL S.A. ADMINISTRADORA GENERAL DE FONDOS,5,4,1,0,True,80.0,20.0,80.0,80.0,False,80.0,0.0,True,27/04/2023,False,False,80.0,80.0,False,True,False,PRE_LEY_NO_EVALUABLE,0.0,0.0,True,5;10;15;20;25,True,30/04/2026,1099,CONSISTENTE,,CMF_REPORTE_LEY_21757_NCG555,CMF_REGISTRO_DIRECTORES,,,False,True,CMF_REGISTRO_DIRECTORES
90146000,SERVICIOS FINANCIEROS PROGRESO S.A.,5,4,1,0,True,80.0,20.0,80.0,80.0,False,80.0,0.0,True,22/04/2024,False,False,80.0,80.0,False,True,False,PRE_LEY_NO_EVALUABLE,0.0,0.0,True,5;10;15;20;25,True,22/04/2024,0,CONSISTENTE,,CMF_REPORTE_LEY_21757_NCG555,CMF_REGISTRO_DIRECTORES,,,False,True,CMF_REGISTRO_DIRECTORES
76917333,SINGULAR ASSET MANAGEMENT ADMINISTRADORA GENERAL DE FONDOS S.A.,5,4,1,0,True,80.0,20.0,80.0,80.0,False,80.0,0.0,True,28/04/2026,True,False,80.0,80.0,False,True,False,POST_LEY_DENTRO_UMBRAL_SUGERIDO,0.0,0.0,True,5;10;15;20;25,True,28/04/2026,0,CONSISTENTE,,CMF_REPORTE_LEY_21757_NCG555,CMF_REGISTRO_DIRECTORES,75.0,29/04/2025,False,True,CMF_REGISTRO_DIRECTORES
91387000,SOCIEDAD ANONIMA DE DEPORTES MANQUEHUE,5,4,1,0,True,80.0,20.0,80.0,80.0,False,80.0,0.0,True,26/04/2025,False,False,80.0,80.0,False,True,False,PRE_LEY_NO_EVALUABLE,0.0,0.0,True,5;10;15;20;25,True,29/08/2024,-240,CONSISTENTE,,CMF_REPORTE_LEY_21757_NCG555,CMF_REGISTRO_DIRECTORES,,,False,True,CMF_REGISTRO_DIRECTORES
96538080,SOCIEDAD DE INVERSIONES CAMPOS CHILENOS S.A.,5,4,1,0,True,80.0,20.0,80.0,80.0,False,80.0,0.0,True,02/04/2026,True,False,80.0,80.0,False,True,False,POST_LEY_DENTRO_UMBRAL_SUGERIDO,0.0,0.0,True,5;10;15;20;25,True,02/04/2026,0,CONSISTENTE,,CMF_REPORTE_LEY_21757_NCG555,CMF_REGISTRO_DIRECTORES,100.0,23/04/2025,False,True,CMF_REGISTRO_DIRECTORES
77190692,SOCIEDAD OPERADORA DE TARJETAS DE PAGO SANTANDER GETNET CHILE S.A.,0,0,0,0,False,,,,80.0,False,80.0,,,14/04/2026,True,False,80.0,,False,True,False,POST_LEY_DENTRO_UMBRAL_SUGERIDO,,,,5;10;15;20;25,,,,SIN_COMPOSICION_NOMINAL,,CMF_REPORTE_LEY_21757_NCG555,NO_PUBLICADA_EN_REGISTRO_NOMINAL,80.0,15/04/2025,False,True,NO_PUBLICADA_EN_REGISTRO_NOMINAL
76094234,SOLUNION CHILE SEGUROS DE CREDITO S.A.,5,4,1,0,True,80.0,20.0,80.0,80.0,False,80.0,0.0,True,23/04/2025,False,False,80.0,80.0,False,True,False,PRE_LEY_NO_EVALUABLE,0.0,0.0,True,5;10;15;20;25,True,01/07/2025,69,CONSISTENTE,,CMF_REPORTE_LEY_21757_NCG555,CMF_REGISTRO_DIRECTORES,,,False,True,CMF_REGISTRO_DIRECTORES
76102955,SOPROLE INVERSIONES S.A.,5,4,1,0,True,80.0,20.0,80.0,80.0,False,80.0,0.0,True,28/04/2026,True,False,80.0,80.0,False,True,False,POST_LEY_DENTRO_UMBRAL_SUGERIDO,0.0,0.0,True,5;10;15;20;25,True,28/04/2026,0,CONSISTENTE,,CMF_REPORTE_LEY_21757_NCG555,CMF_REGISTRO_DIRECTORES,80.0,25/04/2023,False,True,CMF_REGISTRO_DIRECTORES
76620932,STARR INTERNATIONAL SEGUROS GENERALES S.A.,5,4,1,0,True,80.0,20.0,80.0,80.0,False,80.0,0.0,True,28/04/2026,True,False,80.0,80.0,False,True,False,POST_LEY_DENTRO_UMBRAL_SUGERIDO,0.0,0.0,True,5;10;15;20;25,True,28/04/2026,0,CONSISTENTE,,CMF_REPORTE_LEY_21757_NCG555,CMF_REGISTRO_DIRECTORES,100.0,30/04/2025,False,True,CMF_REGISTRO_DIRECTORES
96579800,SURALIS S.A.,5,4,1,0,True,80.0,20.0,80.0,80.0,False,80.0,0.0,True,28/04/2026,True,False,80.0,80.0,False,True,False,POST_LEY_DENTRO_UMBRAL_SUGERIDO,0.0,0.0,True,5;10;15;20;25,True,28/04/2026,0,CONSISTENTE,,CMF_REPORTE_LEY_21757_NCG555,CMF_REGISTRO_DIRECTORES,,,False,True,CMF_REGISTRO_DIRECTORES
77844703,TANNER BANCO DIGITAL,0,0,0,0,False,,,,80.0,False,80.0,,,25/03/2025,False,False,80.0,,False,True,False,PRE_LEY_NO_EVALUABLE,,,,5;10;15;20;25,,,,SIN_COMPOSICION_NOMINAL,,CMF_REPORTE_LEY_21757_NCG555,NO_PUBLICADA_EN_REGISTRO_NOMINAL,,,False,True,NO_PUBLICADA_EN_REGISTRO_NOMINAL
76967692,TENPO PAYMENTS S.A.,0,0,0,0,False,,,,80.0,False,80.0,,,24/12/2024,False,False,80.0,,False,True,False,PRE_LEY_NO_EVALUABLE,,,,5;10;15;20;25,,,,SIN_COMPOSICION_NOMINAL,,CMF_REPORTE_LEY_21757_NCG555,NO_PUBLICADA_EN_REGISTRO_NOMINAL,,,False,True,NO_PUBLICADA_EN_REGISTRO_NOMINAL
96576660,TOESCA S.A. ADMINISTRADORA GENERAL DE FONDOS,5,4,1,0,True,80.0,20.0,80.0,80.0,False,80.0,0.0,True,29/04/2026,True,False,80.0,80.0,False,True,False,POST_LEY_DENTRO_UMBRAL_SUGERIDO,0.0,0.0,True,5;10;15;20;25,True,27/05/2026,28,CONSISTENTE,,CMF_REPORTE_LEY_21757_NCG555,CMF_REGISTRO_DIRECTORES,80.0,28/04/2023,False,True,CMF_REGISTRO_DIRECTORES
91196000,UNION INMOBILIARIA S.A.,4,4,0,0,True,100.0,0.0,100.0,80.0,True,80.0,20.0,False,16/12/2022,False,False,80.0,100.0,False,True,False,PRE_LEY_NO_EVALUABLE,20.0,20.0,False,5;10;15;20;25,False,13/05/2021,-582,DISCORDANCIA_DENOMINADOR,ALTA,CMF_REPORTE_LEY_21757_NCG555,CMF_REGISTRO_DIRECTORES,,,False,True,CMF_REGISTRO_DIRECTORES
76173258,UNNIO SEGUROS GENERALES S.A.,5,5,0,0,True,100.0,0.0,100.0,80.0,True,80.0,20.0,False,29/04/2025,False,False,80.0,100.0,False,True,False,PRE_LEY_NO_EVALUABLE,20.0,20.0,False,5;10;15;20;25,True,28/04/2022,-1097,POSIBLE_SNAPSHOT_DISTINTO,ALTA,CMF_REPORTE_LEY_21757_NCG555,CMF_REGISTRO_DIRECTORES,,,False,True,CMF_REGISTRO_DIRECTORES
76965774,VOLCOM SECURITIZADORA S.A.,5,4,1,0,True,80.0,20.0,80.0,80.0,False,80.0,0.0,True,29/04/2026,True,False,80.0,80.0,False,True,False,POST_LEY_DENTRO_UMBRAL_SUGERIDO,0.0,0.0,True,5;10;15;20;25,True,29/04/2026,0,CONSISTENTE,,CMF_REPORTE_LEY_21757_NCG555,CMF_REGISTRO_DIRECTORES,80.0,30/05/2025,False,True,CMF_REGISTRO_DIRECTORES
96819630,ZURICH SANTANDER SEGUROS DE VIDA CHILE S.A.,5,4,1,0,True,80.0,20.0,80.0,80.0,False,80.0,0.0,True,22/07/2026,True,False,80.0,80.0,False,True,False,POST_LEY_DENTRO_UMBRAL_SUGERIDO,0.0,0.0,True,5;10;15;20;25,True,30/07/2026,8,CONSISTENTE,,CMF_REPORTE_LEY_21757_NCG555,CMF_REGISTRO_DIRECTORES,60.0,28/04/2026,False,True,CMF_REGISTRO_DIRECTORES
76590840,ZURICH SANTANDER SEGUROS GENERALES CHILE S.A.,5,4,1,0,True,80.0,20.0,80.0,80.0,False,80.0,0.0,True,22/07/2026,True,False,80.0,80.0,False,True,False,POST_LEY_DENTRO_UMBRAL_SUGERIDO,0.0,0.0,True,5;10;15;20;25,True,30/07/2026,8,CONSISTENTE,,CMF_REPORTE_LEY_21757_NCG555,CMF_REGISTRO_DIRECTORES,60.0,28/04/2026,False,True,CMF_REGISTRO_DIRECTORES
91144000,EMBOTELLADORA ANDINA S.A.,14,11,3,0,True,78.5714,21.4286,78.5714,80.0,False,78.57,0.0014,True,25/04/2024,False,False,78.57,78.5714,False,True,False,PRE_LEY_NO_EVALUABLE,0.0014000000000038426,0.0014000000000038426,True,14,True,25/04/2024,0,CONSISTENTE,,CMF_REPORTE_LEY_21757_NCG555,CMF_REGISTRO_DIRECTORES,,,False,True,CMF_REGISTRO_DIRECTORES
99500410,BANCO CONSORCIO,5,5,0,0,True,100.0,0.0,100.0,80.0,True,77.78,22.22,False,21/04/2026,True,True,77.78,100.0,False,True,False,POST_LEY_DENTRO_UMBRAL_SUGERIDO,22.22,22.22,False,9;18,False,26/11/2009,-5990,DISCORDANCIA_DENOMINADOR,ALTA,CMF_REPORTE_LEY_21757_NCG555,CMF_REGISTRO_DIRECTORES,77.78,23/04/2024,False,True,CMF_REGISTRO_DIRECTORES
97004000,BANCO DE CHILE,11,11,0,0,True,100.0,0.0,100.0,80.0,True,77.78,22.22,False,26/03/2026,True,True,77.78,100.0,False,True,False,POST_LEY_DENTRO_UMBRAL_SUGERIDO,22.22,22.22,False,9;18,False,11/03/2010,-5859,DISCORDANCIA_DENOMINADOR,ALTA,CMF_REPORTE_LEY_21757_NCG555,CMF_REGISTRO_DIRECTORES,82.0,23/03/2023,False,True,CMF_REGISTRO_DIRECTORES
97006000,BANCO DE CREDITO E INVERSIONES,8,8,0,0,True,100.0,0.0,100.0,80.0,True,77.78,22.22,False,09/04/2026,True,True,77.78,100.0,False,True,False,POST_LEY_DENTRO_UMBRAL_SUGERIDO,22.22,22.22,False,9;18,False,30/03/2010,-5854,DISCORDANCIA_DENOMINADOR,ALTA,CMF_REPORTE_LEY_21757_NCG555,CMF_REGISTRO_DIRECTORES,87.5,09/04/2025,False,True,CMF_REGISTRO_DIRECTORES
85741000,BICECORP S.A.,9,7,2,0,True,77.7778,22.2222,77.7778,80.0,False,77.78,0.0022,True,15/04/2026,True,False,77.78,77.7778,False,True,False,POST_LEY_DENTRO_UMBRAL_SUGERIDO,-0.002200000000001978,0.002200000000001978,True,9;18,True,15/04/2026,0,CONSISTENTE,,CMF_REPORTE_LEY_21757_NCG555,CMF_REGISTRO_DIRECTORES,88.89,02/04/2025,False,True,CMF_REGISTRO_DIRECTORES
71518000,CLUB DE POLO Y EQUITACION SAN CRISTOBAL S.A.,0,0,0,0,False,,,,80.0,False,77.78,,,29/04/2025,False,False,77.78,,False,True,False,PRE_LEY_NO_EVALUABLE,,,,9;18,,,,SIN_COMPOSICION_NOMINAL,,CMF_REPORTE_LEY_21757_NCG555,NO_PUBLICADA_EN_REGISTRO_NOMINAL,,,False,True,NO_PUBLICADA_EN_REGISTRO_NOMINAL
96579280,"CN LIFE, COMPAÑIA DE SEGUROS DE VIDA S.A.",9,7,2,0,True,77.7778,22.2222,77.7778,80.0,False,77.78,0.0022,True,21/04/2026,True,False,77.78,77.7778,False,True,False,POST_LEY_DENTRO_UMBRAL_SUGERIDO,-0.002200000000001978,0.002200000000001978,True,9;18,True,30/12/2025,-112,CONSISTENTE,,CMF_REPORTE_LEY_21757_NCG555,CMF_REGISTRO_DIRECTORES,77.78,23/04/2024,False,True,CMF_REGISTRO_DIRECTORES
96505760,COLBUN S.A.,9,7,2,0,True,77.7778,22.2222,77.7778,80.0,False,77.78,0.0022,True,25/04/2024,False,False,77.78,77.7778,False,True,False,PRE_LEY_NO_EVALUABLE,-0.002200000000001978,0.002200000000001978,True,9;18,True,26/04/2024,1,CONSISTENTE,,CMF_REPORTE_LEY_21757_NCG555,CMF_REGISTRO_DIRECTORES,,,False,True,CMF_REGISTRO_DIRECTORES
99012000,COMPAÑIA DE SEGUROS DE VIDA CONSORCIO NACIONAL DE SEGUROS S.A.,9,7,2,0,True,77.7778,22.2222,77.7778,80.0,False,77.78,0.0022,True,21/04/2026,True,False,77.78,77.7778,False,True,False,POST_LEY_DENTRO_UMBRAL_SUGERIDO,-0.002200000000001978,0.002200000000001978,True,9;18,True,30/12/2025,-112,CONSISTENTE,,CMF_REPORTE_LEY_21757_NCG555,CMF_REGISTRO_DIRECTORES,77.78,23/04/2024,False,True,CMF_REGISTRO_DIRECTORES
96654180,COMPAÑIA DE SEGUROS GENERALES CONSORCIO NACIONAL DE SEGUROS S.A.,9,7,2,0,True,77.7778,22.2222,77.7778,80.0,False,77.78,0.0022,True,21/04/2026,True,False,77.78,77.7778,False,True,False,POST_LEY_DENTRO_UMBRAL_SUGERIDO,-0.002200000000001978,0.002200000000001978,True,9;18,True,30/12/2025,-112,CONSISTENTE,,CMF_REPORTE_LEY_21757_NCG555,CMF_REGISTRO_DIRECTORES,77.78,23/04/2024,False,True,CMF_REGISTRO_DIRECTORES
92580000,EMPRESA NACIONAL DE TELECOMUNICACIONES S.A.,9,7,2,0,True,77.7778,22.2222,77.7778,80.0,False,77.78,0.0022,True,22/04/2026,True,False,77.78,77.7778,False,True,False,POST_LEY_DENTRO_UMBRAL_SUGERIDO,-0.002200000000001978,0.002200000000001978,True,9;18,True,22/04/2026,0,CONSISTENTE,,CMF_REPORTE_LEY_21757_NCG555,CMF_REGISTRO_DIRECTORES,77.78,25/04/2023,False,True,CMF_REGISTRO_DIRECTORES
90222000,EMPRESAS CMPC S.A.,9,7,2,0,True,77.7778,22.2222,77.7778,80.0,False,77.78,0.0022,True,24/04/2025,False,False,77.78,77.7778,False,True,False,PRE_LEY_NO_EVALUABLE,-0.002200000000001978,0.002200000000001978,True,9;18,True,24/04/2025,0,CONSISTENTE,,CMF_REPORTE_LEY_21757_NCG555,CMF_REGISTRO_DIRECTORES,,,False,True,CMF_REGISTRO_DIRECTORES
90690000,EMPRESAS COPEC S.A.,9,7,2,0,True,77.7778,22.2222,77.7778,80.0,False,77.78,0.0022,True,24/04/2024,False,False,77.78,77.7778,False,True,False,PRE_LEY_NO_EVALUABLE,-0.002200000000001978,0.002200000000001978,True,9;18,True,24/04/2024,0,CONSISTENTE,,CMF_REPORTE_LEY_21757_NCG555,CMF_REGISTRO_DIRECTORES,,,False,True,CMF_REGISTRO_DIRECTORES
90310000,EMPRESAS GASCO S.A.,9,7,2,0,True,77.7778,22.2222,77.7778,80.0,False,77.78,0.0022,True,15/04/2026,True,False,77.78,77.7778,False,True,False,POST_LEY_DENTRO_UMBRAL_SUGERIDO,-0.002200000000001978,0.002200000000001978,True,9;18,True,21/04/2026,6,CONSISTENTE,,CMF_REPORTE_LEY_21757_NCG555,CMF_REGISTRO_DIRECTORES,77.78,17/04/2024,False,True,CMF_REGISTRO_DIRECTORES
90266000,ENAEX S.A.,9,7,2,0,True,77.7778,22.2222,77.7778,80.0,False,77.78,0.0022,True,24/04/2025,False,False,77.78,77.7778,False,True,False,PRE_LEY_NO_EVALUABLE,-0.002200000000001978,0.002200000000001978,True,9;18,True,24/04/2025,0,CONSISTENTE,,CMF_REPORTE_LEY_21757_NCG555,CMF_REGISTRO_DIRECTORES,,,False,True,CMF_REGISTRO_DIRECTORES
96970380,ENJOY S.A.,9,7,2,0,True,77.7778,22.2222,77.7778,80.0,False,77.78,0.0022,True,28/04/2026,True,False,77.78,77.7778,False,True,False,POST_LEY_DENTRO_UMBRAL_SUGERIDO,-0.002200000000001978,0.002200000000001978,True,9;18,True,28/04/2026,0,CONSISTENTE,,CMF_REPORTE_LEY_21757_NCG555,CMF_REGISTRO_DIRECTORES,71.43,30/04/2025,False,True,CMF_REGISTRO_DIRECTORES
92051000,INSTITUTO DE DIAGNOSTICO S.A.,9,7,2,0,True,77.7778,22.2222,77.7778,80.0,False,77.78,0.0022,True,30/04/2026,True,False,77.78,77.7778,False,True,False,POST_LEY_DENTRO_UMBRAL_SUGERIDO,-0.002200000000001978,0.002200000000001978,True,9;18,True,30/04/2026,0,CONSISTENTE,,CMF_REPORTE_LEY_21757_NCG555,CMF_REGISTRO_DIRECTORES,77.78,25/04/2024,False,True,CMF_REGISTRO_DIRECTORES
99579730,RIPLEY CORP S.A.,9,7,2,0,True,77.7778,22.2222,77.7778,80.0,False,77.78,0.0022,True,29/04/2025,False,False,77.78,77.7778,False,True,False,PRE_LEY_NO_EVALUABLE,-0.002200000000001978,0.002200000000001978,True,9;18,True,29/04/2025,0,CONSISTENTE,,CMF_REPORTE_LEY_21757_NCG555,CMF_REGISTRO_DIRECTORES,,,False,True,CMF_REGISTRO_DIRECTORES
99598300,SIGDO KOPPERS S.A.,9,7,2,0,True,77.7778,22.2222,77.7778,80.0,False,77.78,0.0022,True,29/04/2024,False,False,77.78,77.7778,False,True,False,PRE_LEY_NO_EVALUABLE,-0.002200000000001978,0.002200000000001978,True,9;18,True,29/04/2024,0,CONSISTENTE,,CMF_REPORTE_LEY_21757_NCG555,CMF_REGISTRO_DIRECTORES,,,False,True,CMF_REGISTRO_DIRECTORES
76632789,TENPO BANK CHILE,0,0,0,0,False,,,,80.0,False,77.78,,,25/05/2026,True,False,77.78,,False,True,False,POST_LEY_DENTRO_UMBRAL_SUGERIDO,,,,9;18,,,,SIN_COMPOSICION_NOMINAL,,CMF_REPORTE_LEY_21757_NCG555,NO_PUBLICADA_EN_REGISTRO_NOMINAL,,,False,True,NO_PUBLICADA_EN_REGISTRO_NOMINAL
76555400,TRANSELEC S.A.,9,8,1,0,True,88.8889,11.1111,88.8889,80.0,True,77.78,11.1089,False,25/04/2025,False,False,77.78,88.8889,False,True,False,PRE_LEY_NO_EVALUABLE,11.108900000000006,11.108900000000006,False,9;18,True,24/04/2026,364,DISCORDANCIA_COMPOSICION,MEDIA,CMF_REPORTE_LEY_21757_NCG555,CMF_REGISTRO_DIRECTORES,,,False,True,CMF_REGISTRO_DIRECTORES
76833300,ESSBIO S.A.,8,6,2,0,True,75.0,25.0,75.0,80.0,False,75.0,0.0,True,24/04/2025,False,False,75.0,75.0,False,True,False,PRE_LEY_NO_EVALUABLE,0.0,0.0,True,4;8;12;16;20;24,True,15/05/2025,21,CONSISTENTE,,CMF_REPORTE_LEY_21757_NCG555,CMF_REGISTRO_DIRECTORES,,,False,True,CMF_REGISTRO_DIRECTORES
76000739,ESVAL S.A.,8,6,2,0,True,75.0,25.0,75.0,80.0,False,75.0,0.0,True,25/04/2025,False,False,75.0,75.0,False,True,False,PRE_LEY_NO_EVALUABLE,0.0,0.0,True,4;8;12;16;20;24,True,15/05/2025,20,CONSISTENTE,,CMF_REPORTE_LEY_21757_NCG555,CMF_REGISTRO_DIRECTORES,,,False,True,CMF_REGISTRO_DIRECTORES
96626570,INCOFIN S.A.,5,4,1,0,True,80.0,20.0,80.0,80.0,False,75.0,5.0,False,30/04/2025,False,False,75.0,80.0,False,True,False,PRE_LEY_NO_EVALUABLE,5.0,5.0,False,4;8;12;16;20;24,False,30/04/2026,365,DISCORDANCIA_DENOMINADOR,ALTA,CMF_REPORTE_LEY_21757_NCG555,CMF_REGISTRO_DIRECTORES,,,False,True,CMF_REGISTRO_DIRECTORES
77611649,SOCIEDAD TRANSMISORA METROPOLITANA S.A.,8,6,2,0,True,75.0,25.0,75.0,80.0,False,75.0,0.0,True,28/04/2026,True,False,75.0,75.0,False,True,False,POST_LEY_DENTRO_UMBRAL_SUGERIDO,0.0,0.0,True,4;8;12;16;20;24,True,08/05/2026,10,CONSISTENTE,,CMF_REPORTE_LEY_21757_NCG555,CMF_REGISTRO_DIRECTORES,75.0,29/04/2025,False,True,CMF_REGISTRO_DIRECTORES
76579033,XLC ADMINISTRADORA GENERAL DE FONDOS S.A.,4,3,1,0,True,75.0,25.0,75.0,80.0,False,75.0,0.0,True,29/04/2026,True,False,75.0,75.0,False,True,False,POST_LEY_DENTRO_UMBRAL_SUGERIDO,0.0,0.0,True,4;8;12;16;20;24,True,29/04/2026,0,CONSISTENTE,,CMF_REPORTE_LEY_21757_NCG555,CMF_REGISTRO_DIRECTORES,75.0,30/04/2025,False,True,CMF_REGISTRO_DIRECTORES
92411000,ESTADIO CROATA S.A.,15,12,3,0,True,80.0,20.0,80.0,80.0,False,73.33,6.67,False,25/05/2025,False,False,73.33,80.0,False,True,False,PRE_LEY_NO_EVALUABLE,6.670000000000002,6.670000000000002,False,15,True,30/04/2023,-756,POSIBLE_SNAPSHOT_DISTINTO,ALTA,CMF_REPORTE_LEY_21757_NCG555,CMF_REGISTRO_DIRECTORES,,,False,True,CMF_REGISTRO_DIRECTORES
91119000,SOCIEDAD ANONIMA ESTADIO ESPAÑOL,11,8,3,0,True,72.7273,27.2727,72.7273,80.0,False,72.73,0.0027,True,29/04/2026,True,False,72.73,72.7273,False,True,False,POST_LEY_DENTRO_UMBRAL_SUGERIDO,-0.0027000000000043656,0.0027000000000043656,True,11;22,True,29/04/2026,0,CONSISTENTE,,CMF_REPORTE_LEY_21757_NCG555,CMF_REGISTRO_DIRECTORES,81.82,30/04/2025,False,True,CMF_REGISTRO_DIRECTORES
61808000,AGUAS ANDINAS S.A.,7,5,2,0,True,71.4286,28.5714,71.4286,80.0,False,71.43,0.0014,True,16/04/2025,False,False,71.43,71.4286,False,True,False,PRE_LEY_NO_EVALUABLE,-0.0014000000000038426,0.0014000000000038426,True,7;14;21,True,16/04/2025,0,CONSISTENTE,,CMF_REPORTE_LEY_21757_NCG555,CMF_REGISTRO_DIRECTORES,,,False,True,CMF_REGISTRO_DIRECTORES
96837630,BNP PARIBAS CARDIF SEGUROS DE VIDA S.A.,7,4,3,0,True,57.1429,42.8571,57.1429,80.0,False,71.43,14.2871,False,23/04/2025,False,False,71.43,57.1429,False,True,False,PRE_LEY_NO_EVALUABLE,-14.28710000000001,14.28710000000001,False,7;14;21,True,28/05/2026,400,DISCORDANCIA_COMPOSICION,MEDIA,CMF_REPORTE_LEY_21757_NCG555,CMF_REGISTRO_DIRECTORES,,,False,True,CMF_REGISTRO_DIRECTORES
96837640,BNP PARIBAS CARDIF SEGUROS GENERALES S.A.,7,4,3,0,True,57.1429,42.8571,57.1429,80.0,False,71.43,14.2871,False,23/04/2025,False,False,71.43,57.1429,False,True,False,PRE_LEY_NO_EVALUABLE,-14.28710000000001,14.28710000000001,False,7;14;21,True,28/05/2026,400,DISCORDANCIA_COMPOSICION,MEDIA,CMF_REPORTE_LEY_21757_NCG555,CMF_REGISTRO_DIRECTORES,,,False,True,CMF_REGISTRO_DIRECTORES
91853000,CAMPOS DEPORTIVOS LLACOLEN S.A.,7,7,0,0,True,100.0,0.0,100.0,80.0,True,71.43,28.57,False,22/04/2025,False,False,71.43,100.0,False,True,False,PRE_LEY_NO_EVALUABLE,28.569999999999993,28.569999999999993,False,7;14;21,True,28/07/2015,-3556,POSIBLE_SNAPSHOT_DISTINTO,ALTA,CMF_REPORTE_LEY_21757_NCG555,CMF_REGISTRO_DIRECTORES,,,False,True,CMF_REGISTRO_DIRECTORES
91297000,CAP S.A.,7,5,2,0,True,71.4286,28.5714,71.4286,80.0,False,71.43,0.0014,True,15/04/2026,True,False,71.43,71.4286,False,True,False,POST_LEY_DENTRO_UMBRAL_SUGERIDO,-0.0014000000000038426,0.0014000000000038426,True,7;14;21,True,15/04/2026,0,CONSISTENTE,,CMF_REPORTE_LEY_21757_NCG555,CMF_REGISTRO_DIRECTORES,71.43,09/04/2024,False,True,CMF_REGISTRO_DIRECTORES
91755000,CEMENTOS BIO BIO S.A.,7,5,2,0,True,71.4286,28.5714,71.4286,80.0,False,71.43,0.0014,True,29/04/2026,True,False,71.43,71.4286,False,True,False,POST_LEY_DENTRO_UMBRAL_SUGERIDO,-0.0014000000000038426,0.0014000000000038426,True,7;14;21,True,29/04/2026,0,CONSISTENTE,,CMF_REPORTE_LEY_21757_NCG555,CMF_REGISTRO_DIRECTORES,60.0,25/04/2024,False,True,CMF_REGISTRO_DIRECTORES
93727000,COMPAÑIA DE INVERSIONES LA ESPAÑOLA S.A.,7,2,5,0,True,28.5714,71.4286,71.4286,80.0,False,71.43,0.0014,True,30/04/2025,False,False,71.43,71.4286,False,True,False,PRE_LEY_NO_EVALUABLE,-0.0014000000000038426,0.0014000000000038426,True,7;14;21,True,30/04/2025,0,CONSISTENTE,,CMF_REPORTE_LEY_21757_NCG555,CMF_REGISTRO_DIRECTORES,,,False,True,CMF_REGISTRO_DIRECTORES
96573590,COMPAÑIA DE SEGUROS DE CREDITO CONTINENTAL S.A.,7,5,2,0,True,71.4286,28.5714,71.4286,80.0,False,71.43,0.0014,True,29/04/2026,True,False,71.43,71.4286,False,True,False,POST_LEY_DENTRO_UMBRAL_SUGERIDO,-0.0014000000000038426,0.0014000000000038426,True,7;14;21,True,29/04/2026,0,CONSISTENTE,,CMF_REPORTE_LEY_21757_NCG555,CMF_REGISTRO_DIRECTORES,71.43,20/03/2025,False,True,CMF_REGISTRO_DIRECTORES
90209000,COMPAÑIA INDUSTRIAL EL VOLCAN S.A.,7,5,2,0,True,71.4286,28.5714,71.4286,80.0,False,71.43,0.0014,True,24/04/2026,True,False,71.43,71.4286,False,True,False,POST_LEY_DENTRO_UMBRAL_SUGERIDO,-0.0014000000000038426,0.0014000000000038426,True,7;14;21,True,24/04/2026,0,CONSISTENTE,,CMF_REPORTE_LEY_21757_NCG555,CMF_REGISTRO_DIRECTORES,71.43,25/04/2025,False,True,CMF_REGISTRO_DIRECTORES
96817230,ELECTRICA PUNTILLA S.A.,7,5,2,0,True,71.4286,28.5714,71.4286,80.0,False,71.43,0.0014,True,23/04/2024,False,False,71.43,71.4286,False,True,False,PRE_LEY_NO_EVALUABLE,-0.0014000000000038426,0.0014000000000038426,True,7;14;21,True,23/04/2024,0,CONSISTENTE,,CMF_REPORTE_LEY_21757_NCG555,CMF_REGISTRO_DIRECTORES,,,False,True,CMF_REGISTRO_DIRECTORES
88221200,EMPRESA ELECTRICA DE MAGALLANES S.A.,7,5,2,0,True,71.4286,28.5714,71.4286,80.0,False,71.43,0.0014,True,15/04/2026,True,False,71.43,71.4286,False,True,False,POST_LEY_DENTRO_UMBRAL_SUGERIDO,-0.0014000000000038426,0.0014000000000038426,True,7;14;21,True,28/04/2026,13,CONSISTENTE,,CMF_REPORTE_LEY_21757_NCG555,CMF_REGISTRO_DIRECTORES,85.71,16/04/2025,False,True,CMF_REGISTRO_DIRECTORES
96753330,INDEPENDENCIA ADMINISTRADORA GENERAL DE FONDOS S.A.,7,5,2,0,True,71.4286,28.5714,71.4286,80.0,False,71.43,0.0014,True,30/04/2026,True,False,71.43,71.4286,False,True,False,POST_LEY_DENTRO_UMBRAL_SUGERIDO,-0.0014000000000038426,0.0014000000000038426,True,7;14;21,True,30/04/2026,0,CONSISTENTE,,CMF_REPORTE_LEY_21757_NCG555,CMF_REGISTRO_DIRECTORES,60.0,28/04/2023,False,True,CMF_REGISTRO_DIRECTORES
96569460,INVERSIONES COVADONGA S.A.,7,5,2,0,True,71.4286,28.5714,71.4286,80.0,False,71.43,0.0014,True,29/04/2024,False,False,71.43,71.4286,False,True,False,PRE_LEY_NO_EVALUABLE,-0.0014000000000038426,0.0014000000000038426,True,7;14;21,True,29/04/2024,0,CONSISTENTE,,CMF_REPORTE_LEY_21757_NCG555,CMF_REGISTRO_DIRECTORES,,,False,True,CMF_REGISTRO_DIRECTORES
94139000,INVERSIONES LA CONSTRUCCION S.A.,7,5,2,0,True,71.4286,28.5714,71.4286,80.0,False,71.43,0.0014,True,21/04/2026,True,False,71.43,71.4286,False,True,False,POST_LEY_DENTRO_UMBRAL_SUGERIDO,-0.0014000000000038426,0.0014000000000038426,True,7;14;21,True,21/04/2026,0,CONSISTENTE,,CMF_REPORTE_LEY_21757_NCG555,CMF_REGISTRO_DIRECTORES,71.43,24/04/2025,False,True,CMF_REGISTRO_DIRECTORES
99010000,INVERSIONES UNESPA S.A.,7,6,1,0,True,85.7143,14.2857,85.7143,80.0,True,71.43,14.2843,False,29/04/2024,False,False,71.43,85.7143,False,True,False,PRE_LEY_NO_EVALUABLE,14.284299999999988,14.284299999999988,False,7;14;21,True,11/09/2026,865,DISCORDANCIA_COMPOSICION,MEDIA,CMF_REPORTE_LEY_21757_NCG555,CMF_REGISTRO_DIRECTORES,,,False,True,CMF_REGISTRO_DIRECTORES
96513200,INVERSIONES UNION ESPAÑOLA S.A.,7,5,2,0,True,71.4286,28.5714,71.4286,80.0,False,71.43,0.0014,True,29/04/2024,False,False,71.43,71.4286,False,True,False,PRE_LEY_NO_EVALUABLE,-0.0014000000000038426,0.0014000000000038426,True,7;14;21,True,29/04/2024,0,CONSISTENTE,,CMF_REPORTE_LEY_21757_NCG555,CMF_REGISTRO_DIRECTORES,,,False,True,CMF_REGISTRO_DIRECTORES
96802690,MASISA S.A.,7,5,2,0,True,71.4286,28.5714,71.4286,80.0,False,71.43,0.0014,True,29/04/2026,True,False,71.43,71.4286,False,True,False,POST_LEY_DENTRO_UMBRAL_SUGERIDO,-0.0014000000000038426,0.0014000000000038426,True,7;14;21,True,29/04/2026,0,CONSISTENTE,,CMF_REPORTE_LEY_21757_NCG555,CMF_REGISTRO_DIRECTORES,66.67,03/04/2024,False,True,CMF_REGISTRO_DIRECTORES
96684990,MONEDA S.A. ADMINISTRADORA GENERAL DE FONDOS,7,5,2,0,True,71.4286,28.5714,71.4286,80.0,False,71.43,0.0014,True,28/04/2026,True,False,71.43,71.4286,False,True,False,POST_LEY_DENTRO_UMBRAL_SUGERIDO,-0.0014000000000038426,0.0014000000000038426,True,7;14;21,True,28/04/2026,0,CONSISTENTE,,CMF_REPORTE_LEY_21757_NCG555,CMF_REGISTRO_DIRECTORES,,,False,True,CMF_REGISTRO_DIRECTORES
96529340,NORTE GRANDE S.A.,7,5,2,0,True,71.4286,28.5714,71.4286,80.0,False,71.43,0.0014,True,26/04/2024,False,False,71.43,71.4286,False,True,False,PRE_LEY_NO_EVALUABLE,-0.0014000000000038426,0.0014000000000038426,True,7;14;21,True,26/04/2024,0,CONSISTENTE,,CMF_REPORTE_LEY_21757_NCG555,CMF_REGISTRO_DIRECTORES,,,False,True,CMF_REGISTRO_DIRECTORES
96812960,PENTA VIDA COMPA#IA DE SEGUROS DE VIDA S.A.,7,5,2,0,True,71.4286,28.5714,71.4286,80.0,False,71.43,0.0014,True,27/04/2023,False,False,71.43,71.4286,False,True,False,PRE_LEY_NO_EVALUABLE,-0.0014000000000038426,0.0014000000000038426,True,7;14;21,True,27/04/2023,0,CONSISTENTE,,CMF_REPORTE_LEY_21757_NCG555,CMF_REGISTRO_DIRECTORES,,,False,True,CMF_REGISTRO_DIRECTORES
76263414,SEGUROS DE VIDA SURAMERICANA S.A.,7,5,2,0,True,71.4286,28.5714,71.4286,80.0,False,71.43,0.0014,True,23/03/2026,True,False,71.43,71.4286,False,True,False,POST_LEY_DENTRO_UMBRAL_SUGERIDO,-0.0014000000000038426,0.0014000000000038426,True,7;14;21,True,25/03/2025,-363,CONSISTENTE,,CMF_REPORTE_LEY_21757_NCG555,CMF_REGISTRO_DIRECTORES,71.43,27/03/2025,False,True,CMF_REGISTRO_DIRECTORES
99017000,SEGUROS GENERALES SURAMERICANA S.A.,7,5,2,0,True,71.4286,28.5714,71.4286,80.0,False,71.43,0.0014,True,23/03/2026,True,False,71.43,71.4286,False,True,False,POST_LEY_DENTRO_UMBRAL_SUGERIDO,-0.0014000000000038426,0.0014000000000038426,True,7;14;21,True,25/03/2025,-363,CONSISTENTE,,CMF_REPORTE_LEY_21757_NCG555,CMF_REGISTRO_DIRECTORES,71.43,25/03/2025,False,True,CMF_REGISTRO_DIRECTORES
90831000,SOCIEDAD AGRICOLA LA ROSA SOFRUCO S.A.,7,5,2,0,True,71.4286,28.5714,71.4286,80.0,False,71.43,0.0014,True,30/04/2025,False,False,71.43,71.4286,False,True,False,PRE_LEY_NO_EVALUABLE,-0.0014000000000038426,0.0014000000000038426,True,7;14;21,True,30/04/2025,0,CONSISTENTE,,CMF_REPORTE_LEY_21757_NCG555,CMF_REGISTRO_DIRECTORES,,,False,True,CMF_REGISTRO_DIRECTORES
96532830,SOCIEDAD DE INVERSIONES ORO BLANCO S.A.,7,5,2,0,True,71.4286,28.5714,71.4286,80.0,False,71.43,0.0014,True,27/03/2026,True,False,71.43,71.4286,False,True,False,POST_LEY_DENTRO_UMBRAL_SUGERIDO,-0.0014000000000038426,0.0014000000000038426,True,7;14;21,True,27/03/2026,0,CONSISTENTE,,CMF_REPORTE_LEY_21757_NCG555,CMF_REGISTRO_DIRECTORES,71.43,26/04/2024,False,True,CMF_REGISTRO_DIRECTORES
96511530,SOCIEDAD DE INVERSIONES PAMPA CALICHERA S.A.,7,5,2,0,True,71.4286,28.5714,71.4286,80.0,False,71.43,0.0014,True,26/04/2024,False,False,71.43,71.4286,False,True,False,PRE_LEY_NO_EVALUABLE,-0.0014000000000038426,0.0014000000000038426,True,7;14;21,True,26/04/2024,0,CONSISTENTE,,CMF_REPORTE_LEY_21757_NCG555,CMF_REGISTRO_DIRECTORES,,,False,True,CMF_REGISTRO_DIRECTORES
96804330,VINCI COMPASS S.A. ADMINISTRADORA GENERAL DE FONDOS,7,5,2,0,True,71.4286,28.5714,71.4286,80.0,False,71.43,0.0014,True,17/08/2023,False,False,71.43,71.4286,False,True,False,PRE_LEY_NO_EVALUABLE,-0.0014000000000038426,0.0014000000000038426,True,7;14;21,True,30/04/2026,987,CONSISTENTE,,CMF_REPORTE_LEY_21757_NCG555,CMF_REGISTRO_DIRECTORES,,,False,True,CMF_REGISTRO_DIRECTORES
89150900,VIÑA LOS VASCOS S.A.,7,5,2,0,True,71.4286,28.5714,71.4286,80.0,False,71.43,0.0014,True,04/04/2025,False,False,71.43,71.4286,False,True,False,PRE_LEY_NO_EVALUABLE,-0.0014000000000038426,0.0014000000000038426,True,7;14;21,True,04/04/2025,0,CONSISTENTE,,CMF_REPORTE_LEY_21757_NCG555,CMF_REGISTRO_DIRECTORES,,,False,True,CMF_REGISTRO_DIRECTORES
94271000,ENEL AMERICAS S.A.,7,5,2,0,True,71.4286,28.5714,71.4286,80.0,False,71.0,0.4286,True,30/04/2025,False,False,71.0,71.4286,False,True,False,PRE_LEY_NO_EVALUABLE,0.428600000000003,0.428600000000003,True,7;14;17;21;24,True,01/07/2026,427,CONSISTENTE,,CMF_REPORTE_LEY_21757_NCG555,CMF_REGISTRO_DIRECTORES,,,False,True,CMF_REGISTRO_DIRECTORES
76165311,POTASIOS DE CHILE S.A.,7,5,2,0,True,71.4286,28.5714,71.4286,80.0,False,71.0,0.4286,True,27/03/2026,True,False,71.0,71.4286,False,True,False,POST_LEY_DENTRO_UMBRAL_SUGERIDO,0.428600000000003,0.428600000000003,True,7;14;17;21;24,True,26/08/2026,152,CONSISTENTE,,CMF_REPORTE_LEY_21757_NCG555,CMF_REGISTRO_DIRECTORES,57.14,26/04/2024,False,True,CMF_REGISTRO_DIRECTORES
96836390,BANCOESTADO S.A. ADMINISTRADORA GENERAL DE FONDOS,6,4,2,0,True,66.6667,33.3333,66.6667,80.0,False,67.0,0.3333,True,29/04/2025,False,False,67.0,66.6667,False,True,False,PRE_LEY_NO_EVALUABLE,-0.33329999999999416,0.33329999999999416,True,3;6;9;12;15;18;21;24,True,28/04/2026,364,CONSISTENTE,,CMF_REPORTE_LEY_21757_NCG555,CMF_REGISTRO_DIRECTORES,,,False,True,CMF_REGISTRO_DIRECTORES
93834000,CENCOSUD S.A.,9,6,3,0,True,66.6667,33.3333,66.6667,80.0,False,66.67,0.0033,True,26/04/2024,False,False,66.67,66.6667,False,True,False,PRE_LEY_NO_EVALUABLE,-0.003299999999995862,0.003299999999995862,True,3;6;9;12;15;18;21;24,True,24/04/2026,728,CONSISTENTE,,CMF_REPORTE_LEY_21757_NCG555,CMF_REGISTRO_DIRECTORES,,,False,True,CMF_REGISTRO_DIRECTORES
90088000,CLUB HIPICO DE CONCEPCION S.A.,9,6,3,0,True,66.6667,33.3333,66.6667,80.0,False,66.67,0.0033,True,28/04/2026,True,False,66.67,66.6667,False,True,False,POST_LEY_DENTRO_UMBRAL_SUGERIDO,-0.003299999999995862,0.003299999999995862,True,3;6;9;12;15;18;21;24,True,28/04/2026,0,CONSISTENTE,,CMF_REPORTE_LEY_21757_NCG555,CMF_REGISTRO_DIRECTORES,66.67,27/04/2023,False,True,CMF_REGISTRO_DIRECTORES
86247400,EMPRESAS AQUACHILE S.A.,9,6,3,0,True,66.6667,33.3333,66.6667,80.0,False,66.67,0.0033,True,29/04/2024,False,False,66.67,66.6667,False,True,False,PRE_LEY_NO_EVALUABLE,-0.003299999999995862,0.003299999999995862,True,3;6;9;12;15;18;21;24,True,02/05/2024,3,CONSISTENTE,,CMF_REPORTE_LEY_21757_NCG555,CMF_REGISTRO_DIRECTORES,,,False,True,CMF_REGISTRO_DIRECTORES
90749000,FALABELLA S.A.,9,6,3,0,True,66.6667,33.3333,66.6667,80.0,False,66.67,0.0033,True,17/03/2026,True,False,66.67,66.6667,False,True,False,POST_LEY_DENTRO_UMBRAL_SUGERIDO,-0.003299999999995862,0.003299999999995862,True,3;6;9;12;15;18;21;24,True,17/03/2026,0,CONSISTENTE,,CMF_REPORTE_LEY_21757_NCG555,CMF_REGISTRO_DIRECTORES,77.78,18/04/2023,False,True,CMF_REGISTRO_DIRECTORES
76800115,INDEPENDENCIA INTERNACIONAL ADMINISTRADORA GENERAL DE FONDOS S.A.,6,4,2,0,True,66.6667,33.3333,66.6667,80.0,False,66.67,0.0033,True,30/04/2026,True,False,66.67,66.6667,False,True,False,POST_LEY_DENTRO_UMBRAL_SUGERIDO,-0.003299999999995862,0.003299999999995862,True,3;6;9;12;15;18;21;24,True,30/04/2026,0,CONSISTENTE,,CMF_REPORTE_LEY_21757_NCG555,CMF_REGISTRO_DIRECTORES,67.0,28/04/2023,False,True,CMF_REGISTRO_DIRECTORES
99040000,INVERSIONES HISPANIA S.A.,6,4,2,0,True,66.6667,33.3333,66.6667,80.0,False,66.67,0.0033,True,30/04/2024,False,False,66.67,66.6667,False,True,False,PRE_LEY_NO_EVALUABLE,-0.003299999999995862,0.003299999999995862,True,3;6;9;12;15;18;21;24,True,30/04/2024,0,CONSISTENTE,,CMF_REPORTE_LEY_21757_NCG555,CMF_REGISTRO_DIRECTORES,,,False,True,CMF_REGISTRO_DIRECTORES
70015730,MUTUAL DE SEGUROS DE CHILE,9,6,3,0,True,66.6667,33.3333,66.6667,80.0,False,66.67,0.0033,True,14/04/2023,False,False,66.67,66.6667,False,True,False,PRE_LEY_NO_EVALUABLE,-0.003299999999995862,0.003299999999995862,True,3;6;9;12;15;18;21;24,True,01/08/2025,840,CONSISTENTE,,CMF_REPORTE_LEY_21757_NCG555,CMF_REGISTRO_DIRECTORES,,,False,True,CMF_REGISTRO_DIRECTORES
76012676,SMU S.A.,9,6,3,0,True,66.6667,33.3333,66.6667,80.0,False,66.67,0.0033,True,23/04/2026,True,False,66.67,66.6667,False,True,False,POST_LEY_DENTRO_UMBRAL_SUGERIDO,-0.003299999999995862,0.003299999999995862,True,3;6;9;12;15;18;21;24,True,23/04/2026,0,CONSISTENTE,,CMF_REPORTE_LEY_21757_NCG555,CMF_REGISTRO_DIRECTORES,75.0,25/04/2024,False,True,CMF_REGISTRO_DIRECTORES
83628100,SONDA S.A.,9,6,3,0,True,66.6667,33.3333,66.6667,80.0,False,66.67,0.0033,True,15/04/2026,True,False,66.67,66.6667,False,True,False,POST_LEY_DENTRO_UMBRAL_SUGERIDO,-0.003299999999995862,0.003299999999995862,True,3;6;9;12;15;18;21;24,True,15/04/2026,0,CONSISTENTE,,CMF_REPORTE_LEY_21757_NCG555,CMF_REGISTRO_DIRECTORES,75.0,04/12/2023,False,True,CMF_REGISTRO_DIRECTORES
77312531,VISA CHILE SOCIEDAD ADMINISTRADORA DE CAMARA DE COMPENSACION DE PAGOS DE BAJO VALOR S.A.,0,0,0,0,False,,,,80.0,False,66.67,,,21/04/2026,True,False,66.67,,False,True,False,POST_LEY_DENTRO_UMBRAL_SUGERIDO,,,,3;6;9;12;15;18;21;24,,,,SIN_COMPOSICION_NOMINAL,,CMF_REPORTE_LEY_21757_NCG555,NO_PUBLICADA_EN_REGISTRO_NOMINAL,66.67,14/04/2025,False,True,NO_PUBLICADA_EN_REGISTRO_NOMINAL
76455830,WATT´S S.A.,9,6,3,0,True,66.6667,33.3333,66.6667,80.0,False,66.67,0.0033,True,29/04/2026,True,False,66.67,66.6667,False,True,False,POST_LEY_DENTRO_UMBRAL_SUGERIDO,-0.003299999999995862,0.003299999999995862,True,3;6;9;12;15;18;21;24,True,29/04/2026,0,CONSISTENTE,,CMF_REPORTE_LEY_21757_NCG555,CMF_REGISTRO_DIRECTORES,77.78,18/04/2024,False,True,CMF_REGISTRO_DIRECTORES
76743492,REALE CHILE SEGUROS GENERALES S.A.,8,5,3,0,True,62.5,37.5,62.5,80.0,False,62.5,0.0,True,29/04/2025,False,False,62.5,62.5,False,True,False,PRE_LEY_NO_EVALUABLE,0.0,0.0,True,8;16;24,True,29/04/2025,0,CONSISTENTE,,CMF_REPORTE_LEY_21757_NCG555,CMF_REGISTRO_DIRECTORES,,,False,True,CMF_REGISTRO_DIRECTORES
98000000,ADMINISTRADORA DE FONDOS DE PENSIONES CAPITAL S.A.,5,3,2,0,True,60.0,40.0,60.0,80.0,False,60.0,0.0,True,29/04/2026,True,False,60.0,60.0,False,True,False,POST_LEY_DENTRO_UMBRAL_SUGERIDO,0.0,0.0,True,5;10;15;20;25,True,29/04/2026,0,CONSISTENTE,,CMF_REPORTE_LEY_21757_NCG555,CMF_REGISTRO_DIRECTORES,60.0,29/04/2024,False,True,CMF_REGISTRO_DIRECTORES
76240079,ADMINISTRADORA DE FONDOS DE PENSIONES CUPRUM S.A.,5,3,2,0,True,60.0,40.0,60.0,80.0,False,60.0,0.0,True,29/04/2026,True,False,60.0,60.0,False,True,False,POST_LEY_DENTRO_UMBRAL_SUGERIDO,0.0,0.0,True,5;10;15;20;25,True,27/08/2026,120,CONSISTENTE,,CMF_REPORTE_LEY_21757_NCG555,CMF_REGISTRO_DIRECTORES,60.0,29/04/2025,False,True,CMF_REGISTRO_DIRECTORES
76511423,ALEMANA SEGUROS S.A.,5,3,2,0,True,60.0,40.0,60.0,80.0,False,60.0,0.0,True,22/04/2025,False,False,60.0,60.0,False,True,False,PRE_LEY_NO_EVALUABLE,0.0,0.0,True,5;10;15;20;25,True,29/04/2022,-1089,CONSISTENTE,,CMF_REPORTE_LEY_21757_NCG555,CMF_REGISTRO_DIRECTORES,,,False,True,CMF_REGISTRO_DIRECTORES
77677546,AMERIS SECURITIZADORA S.A.,5,2,3,0,True,40.0,60.0,60.0,80.0,False,60.0,0.0,True,30/04/2026,True,False,60.0,60.0,False,True,False,POST_LEY_DENTRO_UMBRAL_SUGERIDO,0.0,0.0,True,5;10;15;20;25,True,30/04/2026,0,CONSISTENTE,,CMF_REPORTE_LEY_21757_NCG555,CMF_REGISTRO_DIRECTORES,60.0,24/03/2026,False,True,CMF_REGISTRO_DIRECTORES
99225000,CHUBB SEGUROS CHILE S.A.,5,2,3,0,True,40.0,60.0,60.0,80.0,False,60.0,0.0,True,30/04/2025,False,False,60.0,60.0,False,True,False,PRE_LEY_NO_EVALUABLE,0.0,0.0,True,5;10;15;20;25,True,30/04/2025,0,CONSISTENTE,,CMF_REPORTE_LEY_21757_NCG555,CMF_REGISTRO_DIRECTORES,,,False,True,CMF_REGISTRO_DIRECTORES
96846610,EMPRESA DE SERVICIOS SANITARIOS LAGO PEÑUELAS S.A.,5,3,2,0,True,60.0,40.0,60.0,80.0,False,60.0,0.0,True,28/04/2026,True,False,60.0,60.0,False,True,False,POST_LEY_DENTRO_UMBRAL_SUGERIDO,0.0,0.0,True,5;10;15;20;25,True,28/04/2026,0,CONSISTENTE,,CMF_REPORTE_LEY_21757_NCG555,CMF_REGISTRO_DIRECTORES,75.0,28/04/2025,False,True,CMF_REGISTRO_DIRECTORES
96800570,ENEL DISTRIBUCION CHILE S.A.,5,2,3,0,True,40.0,60.0,60.0,80.0,False,60.0,0.0,True,24/04/2025,False,False,60.0,60.0,False,True,False,PRE_LEY_NO_EVALUABLE,0.0,0.0,True,5;10;15;20;25,True,24/04/2025,0,CONSISTENTE,,CMF_REPORTE_LEY_21757_NCG555,CMF_REGISTRO_DIRECTORES,,,False,True,CMF_REGISTRO_DIRECTORES
91081000,ENEL GENERACION CHILE S.A.,5,3,2,0,True,60.0,40.0,60.0,80.0,False,60.0,0.0,True,25/04/2025,False,False,60.0,60.0,False,True,False,PRE_LEY_NO_EVALUABLE,0.0,0.0,True,5;10;15;20;25,True,26/04/2025,1,CONSISTENTE,,CMF_REPORTE_LEY_21757_NCG555,CMF_REGISTRO_DIRECTORES,,,False,True,CMF_REGISTRO_DIRECTORES
77591207,EVEREST COMPAÑIA DE SEGUROS GENERALES CHILE S.A.,5,3,2,0,True,60.0,40.0,60.0,80.0,False,60.0,0.0,True,23/04/2026,True,False,60.0,60.0,False,True,False,POST_LEY_DENTRO_UMBRAL_SUGERIDO,0.0,0.0,True,5;10;15;20;25,True,23/04/2026,0,CONSISTENTE,,CMF_REPORTE_LEY_21757_NCG555,CMF_REGISTRO_DIRECTORES,60.0,24/04/2025,False,True,CMF_REGISTRO_DIRECTORES
76810627,FINTUAL ADMINISTRADORA GENERAL DE FONDOS S.A.,5,2,3,0,True,40.0,60.0,60.0,80.0,False,60.0,0.0,True,30/04/2026,True,False,60.0,60.0,False,True,False,POST_LEY_DENTRO_UMBRAL_SUGERIDO,0.0,0.0,True,5;10;15;20;25,True,30/04/2026,0,CONSISTENTE,,CMF_REPORTE_LEY_21757_NCG555,CMF_REGISTRO_DIRECTORES,60.0,30/04/2025,False,True,CMF_REGISTRO_DIRECTORES
96712290,FISO S.A.,0,0,0,0,False,,,,80.0,False,60.0,,,25/04/2025,False,False,60.0,,False,True,False,PRE_LEY_NO_EVALUABLE,,,,5;10;15;20;25,,,,SIN_COMPOSICION_NOMINAL,,CMF_REPORTE_LEY_21757_NCG555,NO_PUBLICADA_EN_REGISTRO_NOMINAL,,,False,True,NO_PUBLICADA_EN_REGISTRO_NOMINAL
99061000,HDI SEGUROS S.A.,5,3,2,0,True,60.0,40.0,60.0,80.0,False,60.0,0.0,True,16/04/2026,True,False,60.0,60.0,False,True,False,POST_LEY_DENTRO_UMBRAL_SUGERIDO,0.0,0.0,True,5;10;15;20;25,True,01/02/2026,-74,CONSISTENTE,,CMF_REPORTE_LEY_21757_NCG555,CMF_REGISTRO_DIRECTORES,60.0,24/04/2024,False,True,CMF_REGISTRO_DIRECTORES
97951000,HSBC BANK (CHILE),5,5,0,0,True,100.0,0.0,100.0,80.0,True,60.0,40.0,False,29/04/2025,False,False,60.0,100.0,False,True,False,PRE_LEY_NO_EVALUABLE,40.0,40.0,False,5;10;15;20;25,True,29/04/2010,-5479,POSIBLE_SNAPSHOT_DISTINTO,ALTA,CMF_REPORTE_LEY_21757_NCG555,CMF_REGISTRO_DIRECTORES,,,False,True,CMF_REGISTRO_DIRECTORES
91694000,INMOBILIARIA ESTADIO COLO COLO S.A.,5,4,1,0,True,80.0,20.0,80.0,80.0,False,60.0,20.0,False,30/04/2026,True,False,60.0,80.0,False,True,False,POST_LEY_DENTRO_UMBRAL_SUGERIDO,20.0,20.0,False,5;10;15;20;25,True,29/04/2025,-366,POSIBLE_SNAPSHOT_DISTINTO,ALTA,CMF_REPORTE_LEY_21757_NCG555,CMF_REGISTRO_DIRECTORES,80.0,29/04/2025,False,True,CMF_REGISTRO_DIRECTORES
91482000,IPAL S.A.,5,2,3,0,True,40.0,60.0,60.0,80.0,False,60.0,0.0,True,27/04/2026,True,False,60.0,60.0,False,True,False,POST_LEY_DENTRO_UMBRAL_SUGERIDO,0.0,0.0,True,5;10;15;20;25,True,29/07/2026,93,CONSISTENTE,,CMF_REPORTE_LEY_21757_NCG555,CMF_REGISTRO_DIRECTORES,60.0,08/05/2023,False,True,CMF_REGISTRO_DIRECTORES
96933030,MAPFRE COMPA#IA DE SEGUROS DE VIDA DE CHILE S.A.,5,3,2,0,True,60.0,40.0,60.0,80.0,False,60.0,0.0,True,29/04/2025,False,False,60.0,60.0,False,True,False,PRE_LEY_NO_EVALUABLE,0.0,0.0,True,5;10;15;20;25,True,30/04/2025,1,CONSISTENTE,,CMF_REPORTE_LEY_21757_NCG555,CMF_REGISTRO_DIRECTORES,,,False,True,CMF_REGISTRO_DIRECTORES
96508210,MAPFRE COMPA#IA DE SEGUROS GENERALES DE CHILE S.A.,5,3,2,0,True,60.0,40.0,60.0,80.0,False,60.0,0.0,True,29/04/2025,False,False,60.0,60.0,False,True,False,PRE_LEY_NO_EVALUABLE,0.0,0.0,True,5;10;15;20;25,True,30/04/2025,1,CONSISTENTE,,CMF_REPORTE_LEY_21757_NCG555,CMF_REGISTRO_DIRECTORES,,,False,True,CMF_REGISTRO_DIRECTORES
76701517,MASTERCARD ADMINISTRADORA CHILE S.A.,0,0,0,0,False,,,,80.0,False,60.0,,,28/04/2025,False,False,60.0,,False,True,False,PRE_LEY_NO_EVALUABLE,,,,5;10;15;20;25,,,,SIN_COMPOSICION_NOMINAL,,CMF_REPORTE_LEY_21757_NCG555,NO_PUBLICADA_EN_REGISTRO_NOMINAL,,,False,True,NO_PUBLICADA_EN_REGISTRO_NOMINAL
99289000,METLIFE CHILE SEGUROS DE VIDA S.A.,5,3,2,0,True,60.0,40.0,60.0,80.0,False,60.0,0.0,True,29/04/2025,False,False,60.0,60.0,False,True,False,PRE_LEY_NO_EVALUABLE,0.0,0.0,True,5;10;15;20;25,True,29/04/2025,0,CONSISTENTE,,CMF_REPORTE_LEY_21757_NCG555,CMF_REGISTRO_DIRECTORES,,,False,True,CMF_REGISTRO_DIRECTORES
76328793,METLIFE CHILE SEGUROS GENERALES S.A.,5,3,2,0,True,60.0,40.0,60.0,80.0,False,60.0,0.0,True,29/04/2025,False,False,60.0,60.0,False,True,False,PRE_LEY_NO_EVALUABLE,0.0,0.0,True,5;10;15;20;25,True,29/04/2025,0,CONSISTENTE,,CMF_REPORTE_LEY_21757_NCG555,CMF_REGISTRO_DIRECTORES,,,False,True,CMF_REGISTRO_DIRECTORES
77057498,METRO EMISORA DE MEDIOS DE PAGO S.A.,0,0,0,0,False,,,,80.0,False,60.0,,,26/04/2023,False,False,60.0,,False,True,False,PRE_LEY_NO_EVALUABLE,,,,5;10;15;20;25,,,,SIN_COMPOSICION_NOMINAL,,CMF_REPORTE_LEY_21757_NCG555,NO_PUBLICADA_EN_REGISTRO_NOMINAL,,,False,True,NO_PUBLICADA_EN_REGISTRO_NOMINAL
76609803,NATURGY CHILE GAS NATURAL S.A.,5,2,3,0,True,40.0,60.0,60.0,80.0,False,60.0,0.0,True,14/04/2026,True,False,60.0,60.0,False,True,False,POST_LEY_DENTRO_UMBRAL_SUGERIDO,0.0,0.0,True,5;10;15;20;25,True,25/06/2026,72,CONSISTENTE,,CMF_REPORTE_LEY_21757_NCG555,CMF_REGISTRO_DIRECTORES,50.0,07/04/2025,False,True,CMF_REGISTRO_DIRECTORES
77691219,PREX CHILE S.A.,0,0,0,0,False,,,,80.0,False,60.0,,,11/09/2024,False,False,60.0,,False,True,False,PRE_LEY_NO_EVALUABLE,,,,5;10;15;20;25,,,,SIN_COMPOSICION_NOMINAL,,CMF_REPORTE_LEY_21757_NCG555,NO_PUBLICADA_EN_REGISTRO_NOMINAL,,,False,True,NO_PUBLICADA_EN_REGISTRO_NOMINAL
91873000,SADIA S.A.,5,5,0,0,True,100.0,0.0,100.0,80.0,True,60.0,40.0,False,21/04/2026,True,True,60.0,100.0,False,True,False,POST_LEY_DENTRO_UMBRAL_SUGERIDO,40.0,40.0,False,5;10;15;20;25,True,29/03/2011,-5502,POSIBLE_SNAPSHOT_DISTINTO,ALTA,CMF_REPORTE_LEY_21757_NCG555,CMF_REGISTRO_DIRECTORES,80.0,27/04/2023,False,True,CMF_REGISTRO_DIRECTORES
96634320,SCOTIA ADMINISTRADORA GENERAL DE FONDOS CHILE S.A.,5,3,2,0,True,60.0,40.0,60.0,80.0,False,60.0,0.0,True,13/04/2026,True,False,60.0,60.0,False,True,False,POST_LEY_DENTRO_UMBRAL_SUGERIDO,0.0,0.0,True,5;10;15;20;25,True,22/04/2025,-356,CONSISTENTE,,CMF_REPORTE_LEY_21757_NCG555,CMF_REGISTRO_DIRECTORES,60.0,22/04/2025,False,True,CMF_REGISTRO_DIRECTORES
96549050,SEGUROS DE VIDA SURA S.A.,5,3,2,0,True,60.0,40.0,60.0,80.0,False,60.0,0.0,True,24/05/2025,False,False,60.0,60.0,False,True,False,PRE_LEY_NO_EVALUABLE,0.0,0.0,True,5;10;15;20;25,True,31/03/2026,311,CONSISTENTE,,CMF_REPORTE_LEY_21757_NCG555,CMF_REGISTRO_DIRECTORES,,,False,True,CMF_REGISTRO_DIRECTORES
96618100,SOCIEDAD EDUCATIVA LEONARDO DA VINCI S.A.,5,3,2,0,True,60.0,40.0,60.0,80.0,False,60.0,0.0,True,29/05/2025,False,False,60.0,60.0,False,True,False,PRE_LEY_NO_EVALUABLE,0.0,0.0,True,5;10;15;20;25,True,29/05/2025,0,CONSISTENTE,,CMF_REPORTE_LEY_21757_NCG555,CMF_REGISTRO_DIRECTORES,,,False,True,CMF_REGISTRO_DIRECTORES
95276000,SOCIEDAD RECREATIVA Y DEPORTIVA UNIVERSIDAD DE CONCEPCION S.A.,5,3,2,0,True,60.0,40.0,60.0,80.0,False,60.0,0.0,True,25/04/2024,False,False,60.0,60.0,False,True,False,PRE_LEY_NO_EVALUABLE,0.0,0.0,True,5;10;15;20;25,True,25/04/2019,-1827,CONSISTENTE,,CMF_REPORTE_LEY_21757_NCG555,CMF_REGISTRO_DIRECTORES,,,False,True,CMF_REGISTRO_DIRECTORES
77528384,SUMUP CHILE BLUE S.A.,0,0,0,0,False,,,,80.0,False,60.0,,,30/10/2025,False,False,60.0,,False,True,False,PRE_LEY_NO_EVALUABLE,,,,5;10;15;20;25,,,,SIN_COMPOSICION_NOMINAL,,CMF_REPORTE_LEY_21757_NCG555,NO_PUBLICADA_EN_REGISTRO_NOMINAL,,,False,True,NO_PUBLICADA_EN_REGISTRO_NOMINAL
77101928,SUMUP CHILE PAYMENTS S.A.,0,0,0,0,False,,,,80.0,False,60.0,,,30/10/2025,False,False,60.0,,False,True,False,PRE_LEY_NO_EVALUABLE,,,,5;10;15;20;25,,,,SIN_COMPOSICION_NOMINAL,,CMF_REPORTE_LEY_21757_NCG555,NO_PUBLICADA_EN_REGISTRO_NOMINAL,,,False,True,NO_PUBLICADA_EN_REGISTRO_NOMINAL
77750920,ZURICH CHILE ASSET MANAGEMENT ADMINISTRADORA GENERAL DE FONDOS S.A.,5,2,3,0,True,40.0,60.0,60.0,80.0,False,60.0,0.0,True,10/04/2025,False,False,60.0,60.0,False,True,False,PRE_LEY_NO_EVALUABLE,0.0,0.0,True,5;10;15;20;25,True,10/04/2025,0,CONSISTENTE,,CMF_REPORTE_LEY_21757_NCG555,CMF_REGISTRO_DIRECTORES,,,False,True,CMF_REGISTRO_DIRECTORES
99185000,ZURICH CHILE SEGUROS DE VIDA S.A.,5,2,3,0,True,40.0,60.0,60.0,80.0,False,60.0,0.0,True,27/04/2026,True,False,60.0,60.0,False,True,False,POST_LEY_DENTRO_UMBRAL_SUGERIDO,0.0,0.0,True,5;10;15;20;25,True,27/04/2026,0,CONSISTENTE,,CMF_REPORTE_LEY_21757_NCG555,CMF_REGISTRO_DIRECTORES,60.0,28/04/2025,False,True,CMF_REGISTRO_DIRECTORES
99037000,ZURICH CHILE SEGUROS GENERALES S.A.,5,2,3,0,True,40.0,60.0,60.0,80.0,False,60.0,0.0,True,27/04/2026,True,False,60.0,60.0,False,True,False,POST_LEY_DENTRO_UMBRAL_SUGERIDO,0.0,0.0,True,5;10;15;20;25,True,27/04/2026,0,CONSISTENTE,,CMF_REPORTE_LEY_21757_NCG555,CMF_REGISTRO_DIRECTORES,60.0,28/04/2025,False,True,CMF_REGISTRO_DIRECTORES
93711000,CAMANCHACA S.A.,7,4,3,0,True,57.1429,42.8571,57.1429,80.0,False,57.14,0.0029,True,30/04/2026,True,False,57.14,57.1429,False,True,False,POST_LEY_DENTRO_UMBRAL_SUGERIDO,0.002899999999996794,0.002899999999996794,True,7;14;21,True,30/04/2026,0,CONSISTENTE,,CMF_REPORTE_LEY_21757_NCG555,CMF_REGISTRO_DIRECTORES,71.43,19/04/2024,False,True,CMF_REGISTRO_DIRECTORES
92544000,CINTAC S.A.,7,3,4,0,True,42.8571,57.1429,57.1429,80.0,False,57.14,0.0029,True,07/04/2025,False,False,57.14,57.1429,False,True,False,PRE_LEY_NO_EVALUABLE,0.002899999999996794,0.002899999999996794,True,7;14;21,True,10/09/2026,521,CONSISTENTE,,CMF_REPORTE_LEY_21757_NCG555,CMF_REGISTRO_DIRECTORES,,,False,True,CMF_REGISTRO_DIRECTORES
61219000,EMPRESA DE TRANSPORTE DE PASAJEROS METRO S.A.,7,4,3,0,True,57.1429,42.8571,57.1429,80.0,False,57.14,0.0029,True,27/04/2026,True,False,57.14,57.1429,False,True,False,POST_LEY_DENTRO_UMBRAL_SUGERIDO,0.002899999999996794,0.002899999999996794,True,7;14;21,True,27/04/2026,0,CONSISTENTE,,CMF_REPORTE_LEY_21757_NCG555,CMF_REGISTRO_DIRECTORES,57.14,29/04/2024,False,True,CMF_REGISTRO_DIRECTORES
76536353,ENEL CHILE S.A.,7,4,3,0,True,57.1429,42.8571,57.1429,80.0,False,57.14,0.0029,True,28/04/2025,False,False,57.14,57.1429,False,True,False,PRE_LEY_NO_EVALUABLE,0.002899999999996794,0.002899999999996794,True,7;14;21,True,28/04/2025,0,CONSISTENTE,,CMF_REPORTE_LEY_21757_NCG555,CMF_REGISTRO_DIRECTORES,,,False,True,CMF_REGISTRO_DIRECTORES
88006900,ENGIE ENERGIA CHILE S.A.,7,4,3,0,True,57.1429,42.8571,57.1429,80.0,False,57.14,0.0029,True,28/04/2026,True,False,57.14,57.1429,False,True,False,POST_LEY_DENTRO_UMBRAL_SUGERIDO,0.002899999999996794,0.002899999999996794,True,7;14;21,True,28/04/2026,0,CONSISTENTE,,CMF_REPORTE_LEY_21757_NCG555,CMF_REGISTRO_DIRECTORES,57.14,30/04/2024,False,True,CMF_REGISTRO_DIRECTORES
97018000,SCOTIABANK CHILE,7,7,0,0,True,100.0,0.0,100.0,80.0,True,57.14,42.86,False,24/04/2025,False,False,57.14,100.0,False,True,False,PRE_LEY_NO_EVALUABLE,42.86,42.86,False,7;14;21,True,04/08/2009,-5742,POSIBLE_SNAPSHOT_DISTINTO,ALTA,CMF_REPORTE_LEY_21757_NCG555,CMF_REGISTRO_DIRECTORES,,,False,True,CMF_REGISTRO_DIRECTORES
94840000,SOCOVESA S.A.,7,4,3,0,True,57.1429,42.8571,57.1429,80.0,False,57.14,0.0029,True,29/04/2026,True,False,57.14,57.1429,False,True,False,POST_LEY_DENTRO_UMBRAL_SUGERIDO,0.002899999999996794,0.002899999999996794,True,7;14;21,True,29/04/2026,0,CONSISTENTE,,CMF_REPORTE_LEY_21757_NCG555,CMF_REGISTRO_DIRECTORES,57.0,29/04/2025,False,True,CMF_REGISTRO_DIRECTORES
90227000,VIÑA CONCHA Y TORO S.A.,7,4,3,0,True,57.1429,42.8571,57.1429,80.0,False,57.14,0.0029,True,21/04/2026,True,False,57.14,57.1429,False,True,False,POST_LEY_DENTRO_UMBRAL_SUGERIDO,0.002899999999996794,0.002899999999996794,True,7;14;21,True,21/04/2026,0,CONSISTENTE,,CMF_REPORTE_LEY_21757_NCG555,CMF_REGISTRO_DIRECTORES,71.43,25/04/2023,False,True,CMF_REGISTRO_DIRECTORES
70285500,ZONA FRANCA DE IQUIQUE S.A.,7,4,3,0,True,57.1429,42.8571,57.1429,80.0,False,57.14,0.0029,True,24/04/2026,True,False,57.14,57.1429,False,True,False,POST_LEY_DENTRO_UMBRAL_SUGERIDO,0.002899999999996794,0.002899999999996794,True,7;14;21,True,29/04/2026,5,CONSISTENTE,,CMF_REPORTE_LEY_21757_NCG555,CMF_REGISTRO_DIRECTORES,57.14,25/04/2025,False,True,CMF_REGISTRO_DIRECTORES
97036000,BANCO SANTANDER-CHILE,11,8,3,0,True,72.7273,27.2727,72.7273,80.0,False,55.56,17.1673,False,28/04/2026,True,False,55.56,72.7273,False,True,False,POST_LEY_DENTRO_UMBRAL_SUGERIDO,17.167299999999997,17.167299999999997,False,9;18,False,05/07/2010,-5776,DISCORDANCIA_DENOMINADOR,ALTA,CMF_REPORTE_LEY_21757_NCG555,CMF_REGISTRO_DIRECTORES,50.0,19/04/2023,False,True,CMF_REGISTRO_DIRECTORES
98000100,ADMINISTRADORA DE FONDOS DE PENSIONES HABITAT S.A.,8,4,4,0,True,50.0,50.0,50.0,80.0,False,50.0,0.0,True,29/04/2025,False,False,50.0,50.0,False,True,False,PRE_LEY_NO_EVALUABLE,0.0,0.0,True,4;6;8;10;12;14;16;18;20;22;24,True,19/05/2026,385,CONSISTENTE,,CMF_REPORTE_LEY_21757_NCG555,CMF_REGISTRO_DIRECTORES,,,False,True,CMF_REGISTRO_DIRECTORES
96667040,SANTANDER ASSET MANAGEMENT S.A. ADMINISTRADORA GENERAL DE FONDOS,5,3,2,0,True,60.0,40.0,60.0,80.0,False,50.0,10.0,False,02/09/2025,False,False,50.0,60.0,False,True,False,PRE_LEY_NO_EVALUABLE,10.0,10.0,False,4;6;8;10;12;14;16;18;20;22;24,False,30/03/2026,209,DISCORDANCIA_DENOMINADOR,ALTA,CMF_REPORTE_LEY_21757_NCG555,CMF_REGISTRO_DIRECTORES,,,False,True,CMF_REGISTRO_DIRECTORES
